,Strawberry,Blueberry,Raspberry,Orange,Lime,Mandarin,Banana,Mango,Pineapple,Guava,Kiwi,Peach,Plum,Apricot,Cherry,Watermelon,Muskmelon,Apple,Pear,Spinach,Kale,Lettuce,Broccoli,Cauliflower,Cabbage,Green Peas,Lentils,Chickpeas,Kidney Beans,Carrots,Sweet Potatoes,Beets,Radishes,Potatoes,Yams,Cassava,Butternut Squash,Zucchini,Pumpkin,Cucumber,Tomatoes,Bell Peppers,Eggplants,Garlic,Onion,Chives,Celery,Asparagus,Fennel,Basil,Cilantro,Parsley,Mint,Thyme,Rosemary,Oregano,Ginger,Turmeric,Horseradish,Button Mushrooms,Shiitake Mushrooms,Portobello Mushrooms,Oyster Mushrooms,Alfalfa Sprouts,Bean Sprouts,Broccoli Sprouts,Almond,Cashew,Chestnut,Hazelnut,Pistachio,Walnut,Pine Nut,Sunflower Seed,Pumpkin Seed,Chia Seed,Flax Seed,Sesame Seed,Wheat,Rice,Corn,Barley,Oats,Millet,Salmon,Mackerel,Sardines,Tuna,Cod,Haddock,Tilapia,Halibut,Pollock,Shrimp,Crab,Oysters,Lobster,Mussels,Chicken,Beef,Lamb,Pork,Bacon,Sausage,Ham,Salami,Pepperoni,Whole Milk,Almond Milk,Soy Milk,Cheddar,Mozzarella,Greek Yogurt,Yogurt,Butter,Ghee,Pastries,Cookies,Brownies,Muffins,Bread,Croissants,Ice Cream,Pies,Cakes,Donuts,Cereals,Pancakes,Waffles,Oatmeal,Eggs,Coca Cola,Pepsi,Coffee,Tea,Lemonade,Beer,Mayonnaise,Guacamole,Salsa,Ketchup,Potato Chips,Popcorn,Crackers,Beef Jerky,Burgers,French Fries,Pizza,Chicken Nuggets,Tacos
Blood Glucose,0.1,0.1,0.1,0.4,0.0,0.3,0.6,0.5,0.6,0.3,0.2,0.3,0.2,0.2,0.3,0.4,0.4,0.4,0.4,-0.2,-0.2,-0.1,-0.2,-0.2,-0.2,0.3,-0.3,-0.2,-0.3,0.2,0.4,0.3,-0.1,0.5,0.5,0.6,0.3,0.1,0.3,0.0,0.1,0.1,0.1,-0.1,0.1,0.0,-0.1,-0.2,-0.1,0.0,0.0,0.0,0.0,0.0,0.0,0.0,-0.1,-0.1,0.0,-0.2,-0.2,-0.2,-0.2,-0.2,-0.2,-0.2,-0.3,-0.1,-0.1,-0.2,-0.1,-0.3,-0.1,-0.1,-0.1,-0.3,-0.3,-0.2,0.5,0.6,0.5,0.3,0.4,0.4,0.0,0.0,0.0,0.0,0.0,0.0,0.0,0.0,0.0,0.0,0.0,0.0,0.0,0.0,0.0,0.1,0.1,0.1,0.2,0.2,0.2,0.2,0.2,0.1,-0.1,-0.1,0.1,0.1,0.1,0.1,0.2,0.2,0.7,0.7,0.7,0.7,0.6,0.6,0.7,0.7,0.7,0.7,0.6,0.6,0.6,0.4,0.0,0.8,0.8,0.0,0.0,0.6,0.5,0.1,-0.2,0.1,0.5,0.6,0.4,0.5,0.1,0.4,0.6,0.6,0.5,0.4
Hemoglobin A1c,-0.3,-0.2,-0.3,0.1,0.0,0.1,0.3,0.3,0.4,-0.2,0.1,0.1,0.0,0.1,0.2,0.3,0.2,0.2,0.1,-0.4,-0.5,-0.4,-0.5,-0.5,-0.4,0.0,-0.3,-0.2,-0.3,0.1,0.3,0.2,-0.3,0.5,0.4,0.5,0.2,-0.2,0.1,-0.3,-0.2,-0.3,-0.2,-0.4,0.0,-0.3,-0.4,-0.4,-0.3,0.0,0.0,0.0,0.0,0.0,0.0,0.0,-0.3,-0.4,0.0,-0.3,-0.3,-0.3,-0.3,-0.4,-0.3,-0.4,-0.2,0.1,0.2,-0.1,0.0,-0.1,0.0,-0.1,-0.1,-0.4,-0.4,0.0,0.5,0.5,0.3,0.0,-0.2,-0.2,-0.4,-0.3,-0.3,-0.3,-0.3,-0.3,-0.3,-0.3,-0.3,-0.2,-0.2,-0.2,-0.2,-0.2,-0.1,0.2,0.2,0.3,0.5,0.5,0.4,0.4,0.4,0.2,0.0,0.0,0.1,0.1,-0.2,0.0,0.4,0.3,0.8,0.7,0.7,0.7,0.6,0.7,0.7,0.6,0.7,0.8,0.6,0.5,0.5,-0.2,-0.1,0.9,0.9,-0.1,-0.2,0.3,0.4,0.3,-0.2,-0.1,0.4,0.7,0.3,0.5,0.3,0.6,0.8,0.7,0.6,0.4
Glycated Albumin,-0.5,-0.6,-0.4,-0.2,-0.3,-0.2,0.2,0.3,0.1,-0.1,-0.2,-0.1,-0.3,-0.2,-0.4,-0.3,-0.3,0.1,0.0,-0.6,-0.7,-0.5,-0.7,-0.5,-0.5,0.0,-0.2,-0.1,0.0,0.1,0.3,0.2,-0.4,0.5,0.4,0.5,0.2,-0.3,-0.2,-0.4,-0.1,-0.2,0.0,-0.5,-0.3,-0.2,-0.5,-0.6,-0.4,-0.2,-0.1,-0.3,-0.1,-0.2,-0.2,-0.2,-0.4,-0.5,-0.3,0.0,-0.1,0.0,-0.1,-0.4,-0.3,-0.5,-0.1,0.2,0.1,0.0,0.0,-0.2,0.1,0.1,-0.2,-0.3,-0.4,0.0,0.4,0.5,0.4,0.3,-0.2,0.1,-0.3,-0.4,-0.3,-0.2,-0.1,-0.1,0.0,-0.1,-0.1,0.0,-0.1,-0.2,0.0,-0.2,0.0,0.3,0.4,0.4,0.7,0.6,0.5,0.5,0.6,0.2,-0.2,-0.3,0.4,0.3,-0.2,0.1,0.5,0.4,0.6,0.7,0.7,0.6,0.5,0.6,0.7,0.6,0.7,0.7,0.5,0.5,0.5,-0.3,0.1,0.8,0.8,-0.2,-0.3,0.2,0.5,0.4,-0.2,-0.1,0.3,0.6,0.3,0.4,0.4,0.6,0.7,0.6,0.6,0.5
Total Cholesterol,-0.2,-0.2,-0.3,-0.2,-0.1,-0.2,-0.1,-0.1,-0.2,-0.2,-0.2,-0.2,-0.2,-0.2,-0.2,-0.1,-0.1,-0.2,-0.2,-0.3,-0.3,-0.2,-0.3,-0.3,-0.3,-0.2,-0.3,-0.3,-0.3,-0.1,-0.2,-0.2,-0.1,-0.1,-0.2,-0.1,-0.2,-0.1,-0.2,-0.1,-0.1,-0.2,-0.1,-0.3,-0.2,-0.2,-0.1,-0.2,-0.2,-0.2,-0.2,-0.2,-0.2,-0.1,-0.2,-0.1,-0.2,-0.3,-0.2,-0.1,-0.2,-0.1,-0.1,-0.3,-0.3,-0.3,-0.2,-0.1,-0.2,-0.1,-0.1,-0.2,-0.1,-0.1,-0.1,-0.2,-0.2,-0.1,0.0,0.0,0.0,0.0,-0.2,0.0,-0.5,-0.5,-0.5,-0.4,-0.4,-0.4,-0.3,-0.4,-0.3,-0.3,-0.3,-0.3,-0.2,-0.3,0.1,0.3,0.3,0.3,0.5,0.5,0.3,0.4,0.4,0.3,-0.1,-0.2,0.3,0.3,0.1,0.1,0.5,0.5,0.5,0.5,0.5,0.5,0.2,0.5,0.5,0.5,0.5,0.5,0.2,0.3,0.3,-0.2,0.3,0.4,0.4,0.0,0.0,0.2,0.3,0.5,-0.2,-0.1,0.1,0.5,0.1,0.3,0.5,0.5,0.5,0.5,0.5,0.3
LDL Cholesterol,-0.2,-0.3,-0.3,-0.2,-0.2,-0.2,-0.1,-0.1,-0.1,-0.2,-0.2,-0.2,-0.2,-0.2,-0.2,-0.2,-0.2,-0.2,-0.2,-0.4,-0.4,-0.4,-0.4,-0.4,-0.4,-0.3,-0.4,-0.3,-0.4,-0.3,-0.3,-0.3,-0.3,0.2,0.1,0.2,-0.2,-0.3,-0.3,-0.3,-0.3,-0.3,-0.3,-0.5,-0.3,-0.3,-0.4,-0.4,-0.3,-0.2,-0.2,-0.2,-0.2,-0.2,-0.2,-0.2,-0.3,-0.3,-0.3,-0.3,-0.3,-0.3,-0.3,-0.4,-0.3,-0.4,-0.3,-0.2,-0.2,-0.2,-0.2,-0.3,-0.2,-0.2,-0.2,-0.4,-0.4,-0.2,0.2,0.2,0.2,-0.3,-0.4,-0.2,-0.5,-0.5,-0.5,-0.4,-0.4,-0.4,-0.3,-0.4,-0.3,-0.2,-0.2,-0.2,-0.2,-0.2,-0.2,0.3,0.3,0.3,0.6,0.6,0.5,0.5,0.5,0.3,-0.2,-0.2,0.4,0.4,-0.2,-0.1,0.5,0.5,0.7,0.7,0.7,0.7,0.4,0.7,0.7,0.6,0.7,0.8,0.5,0.5,0.5,-0.3,-0.1,0.8,0.8,-0.1,-0.2,0.3,0.4,0.4,-0.2,-0.1,0.2,0.7,0.2,0.5,0.4,0.6,0.8,0.7,0.6,0.3
HDL Cholesterol,0.1,0.1,0.1,0.1,0.1,0.1,0.05,0.1,0.05,0.1,0.1,0.1,0.05,0.1,0.1,0.05,0.05,0.05,0.05,0.2,0.2,0.1,0.15,0.1,0.1,0.15,0.2,0.2,0.2,0.1,0.1,0.1,0.1,0.05,0.05,0.05,0.1,0.1,0.1,0.05,0.1,0.1,0.1,0.2,0.1,0.1,0.05,0.1,0.1,0.1,0.1,0.1,0.1,0.1,0.1,0.1,0.2,0.2,0.1,0.1,0.1,0.1,0.1,0.1,0.1,0.2,0.2,0.1,0.1,0.2,0.2,0.2,0.2,0.1,0.1,0.2,0.2,0.1,0.05,0.05,0.05,0.1,0.15,0.1,0.3,0.3,0.3,0.2,0.2,0.2,0.1,0.2,0.2,0.1,0.1,0.2,0.1,0.1,0.1,-0.1,-0.1,-0.1,-0.2,-0.2,-0.1,-0.2,-0.2,-0.1,0.1,0.1,-0.1,-0.1,0.1,0.1,-0.2,-0.2,-0.3,-0.3,-0.3,-0.3,-0.1,-0.3,-0.3,-0.3,-0.3,-0.3,-0.1,-0.1,-0.1,0.1,0.1,-0.2,-0.2,0.1,0.1,-0.1,-0.1,-0.2,0.1,0.1,-0.1,-0.3,0.1,-0.2,-0.2,-0.2,-0.3,-0.2,-0.2,-0.1
Triglycerides,-0.2,-0.2,-0.2,-0.1,-0.1,-0.1,0.1,0.1,0.1,-0.1,-0.2,-0.1,-0.1,-0.1,-0.1,-0.2,-0.1,-0.1,-0.1,-0.3,-0.3,-0.3,-0.3,-0.3,-0.3,-0.2,-0.2,-0.2,-0.2,-0.1,-0.1,-0.1,-0.2,0.1,0.1,0.1,-0.1,-0.2,-0.1,-0.3,-0.2,-0.2,-0.2,-0.4,-0.3,-0.3,-0.3,-0.3,-0.3,-0.2,-0.2,-0.2,-0.2,-0.2,-0.2,-0.2,-0.2,-0.2,-0.2,-0.3,-0.3,-0.3,-0.3,-0.2,-0.2,-0.2,-0.1,0.1,-0.1,-0.1,0.1,-0.1,0.1,0.1,-0.1,-0.2,-0.2,-0.1,0.1,0.1,0.1,0.1,-0.2,0.1,-0.4,-0.4,-0.4,-0.3,-0.3,-0.3,-0.3,-0.3,-0.3,-0.3,-0.3,-0.3,-0.3,-0.3,0.2,0.3,0.3,0.3,0.4,0.4,0.3,0.4,0.4,0.2,-0.1,-0.1,0.2,0.2,-0.1,-0.1,0.4,0.4,0.5,0.5,0.5,0.5,0.2,0.5,0.5,0.5,0.5,0.5,0.2,0.5,0.5,-0.2,0.2,0.5,0.5,0.1,0.1,0.2,0.3,0.3,-0.1,-0.2,0.2,0.5,0.2,0.3,0.4,0.5,0.5,0.5,0.5,0.4
Apolipoprotein A1,0.2,0.2,0.3,0.2,0.2,0.2,0.1,0.2,0.2,0.2,0.2,0.2,0.2,0.2,0.2,0.1,0.1,0.2,0.2,0.3,0.3,0.2,0.3,0.3,0.3,0.2,0.3,0.3,0.3,0.1,0.2,0.2,0.1,0.1,0.2,0.1,0.2,0.1,0.2,0.1,0.1,0.2,0.1,0.3,0.2,0.2,0.1,0.2,0.2,0.2,0.2,0.2,0.2,0.1,0.2,0.1,0.2,0.3,0.2,0.1,0.2,0.1,0.1,0.3,0.3,0.3,0.2,0.1,0.2,0.1,0.1,0.2,0.1,0.1,0.1,0.2,0.2,0.1,0.1,0.1,0.1,0.1,0.2,0.1,0.4,0.4,0.4,0.3,0.3,0.3,0.2,0.3,0.2,0.2,0.2,0.2,0.2,0.2,0.1,0.2,0.2,0.2,0.3,0.3,0.2,0.3,0.3,0.2,0.1,0.2,0.3,0.3,0.2,0.2,0.4,0.4,0.5,0.5,0.5,0.5,0.3,0.5,0.5,0.5,0.5,0.5,0.3,0.4,0.4,0.2,0.3,0.4,0.4,0.1,0.1,0.2,0.3,0.4,0.2,0.1,0.1,0.5,0.2,0.3,0.5,0.5,0.5,0.5,0.5,0.3
Apolipoprotein B,-0.1,-0.1,-0.2,-0.1,-0.1,-0.1,-0.2,-0.1,-0.1,-0.1,-0.1,-0.1,-0.1,-0.1,-0.1,-0.2,-0.2,-0.1,-0.1,-0.2,-0.2,-0.1,-0.2,-0.2,-0.2,-0.1,-0.2,-0.2,-0.2,-0.1,-0.2,-0.2,-0.1,-0.1,-0.2,-0.1,-0.2,-0.1,-0.2,-0.1,-0.1,-0.2,-0.1,-0.2,-0.1,-0.1,-0.1,-0.1,-0.1,-0.1,-0.1,-0.1,-0.1,-0.1,-0.1,-0.1,-0.2,-0.2,-0.2,-0.1,-0.1,-0.1,-0.1,-0.2,-0.2,-0.2,-0.1,-0.1,-0.1,-0.1,-0.1,-0.1,-0.1,-0.1,-0.1,-0.2,-0.2,-0.1,-0.1,-0.1,-0.1,-0.1,-0.2,-0.1,-0.4,-0.4,-0.4,-0.3,-0.3,-0.3,-0.2,-0.3,-0.2,-0.2,-0.2,-0.2,-0.2,-0.2,-0.1,-0.2,-0.2,-0.2,-0.3,-0.3,-0.2,-0.3,-0.3,-0.2,-0.1,-0.2,-0.2,-0.2,-0.1,-0.1,-0.3,-0.3,-0.4,-0.4,-0.4,-0.4,-0.2,-0.4,-0.4,-0.4,-0.4,-0.4,-0.2,-0.3,-0.3,-0.2,-0.2,-0.4,-0.4,-0.1,-0.1,-0.2,-0.3,-0.4,-0.2,-0.1,-0.1,-0.4,-0.2,-0.2,-0.4,-0.4,-0.4,-0.4,-0.4,-0.2
Vitamin D,0.0,0.0,0.0,0.0,0.0,0.0,0.0,0.0,0.0,0.0,0.0,0.0,0.0,0.0,0.0,0.0,0.0,0.0,0.0,0.0,0.0,0.0,0.0,0.0,0.0,0.0,0.0,0.0,0.0,0.0,0.0,0.0,0.0,0.0,0.0,0.0,0.0,0.0,0.0,0.0,0.0,0.0,0.0,0.0,0.0,0.0,0.0,0.0,0.0,0.0,0.0,0.0,0.0,0.0,0.0,0.0,0.0,0.0,0.0,0.0,0.0,0.0,0.0,0.0,0.0,0.0,0.0,0.0,0.0,0.0,0.0,0.0,0.0,0.0,0.0,0.0,0.0,0.0,0.0,0.0,0.0,0.0,0.0,0.0,1.0,1.0,1.0,0.5,0.5,0.5,0.5,0.5,0.5,0.1,0.1,0.2,0.1,0.1,0.0,0.0,0.0,0.0,0.0,0.0,0.0,0.0,0.0,0.1,0.0,0.0,0.0,0.0,0.0,0.0,0.0,0.0,0.0,0.0,0.0,0.0,0.0,0.0,0.0,0.0,0.0,0.0,0.0,0.0,0.0,0.0,0.2,0.0,0.0,0.0,0.0,0.0,0.0,0.0,0.0,0.0,0.0,0.0,0.0,0.0,0.0,0.0,0.0,0.0,0.0,0.0
Vitamin C,1.0,0.5,0.7,1.0,0.9,0.9,0.1,0.6,0.8,1.0,1.0,0.5,0.4,0.3,0.4,0.2,0.2,0.2,0.2,0.4,0.6,0.3,0.7,0.4,0.5,0.5,0.2,0.2,0.2,0.1,0.2,0.1,0.3,0.2,0.2,0.1,0.2,0.2,0.2,0.1,0.7,1.0,0.1,0.1,0.1,0.1,0.1,0.2,0.1,0.1,0.1,0.2,0.2,0.1,0.1,0.1,0.1,0.1,0.1,0.1,0.1,0.1,0.1,0.2,0.2,0.7,0.0,0.0,0.0,0.0,0.0,0.0,0.0,0.0,0.0,0.0,0.0,0.0,0.0,0.0,0.0,0.0,0.0,0.0,0.0,0.0,0.0,0.0,0.0,0.0,0.0,0.0,0.0,0.0,0.0,0.0,0.0,0.0,0.0,0.0,0.0,0.0,0.0,0.0,0.0,0.0,0.0,0.0,0.0,0.0,0.0,0.0,0.0,0.0,0.0,0.0,0.0,0.0,0.0,0.0,0.0,0.0,0.0,0.0,0.0,0.0,0.0,0.0,0.0,0.0,0.0,0.0,0.0,0.0,0.0,0.0,0.0,0.0,0.0,0.0,0.0,0.0,0.0,0.0,0.0,0.0,0.0,0.0,0.0,0.0
Vitamin K,0.1,0.1,0.1,0.05,0.05,0.05,0.05,0.1,0.05,0.1,0.1,0.05,0.05,0.05,0.05,0.05,0.05,0.05,0.05,0.9,0.9,0.7,0.6,0.1,0.2,0.2,0.1,0.1,0.1,0.1,0.1,0.1,0.05,0.05,0.05,0.05,0.1,0.05,0.1,0.05,0.05,0.05,0.05,0.1,0.05,0.1,0.05,0.2,0.1,0.1,0.1,0.6,0.1,0.1,0.1,0.1,0.05,0.1,0.1,0.05,0.05,0.05,0.05,0.1,0.1,0.2,0.05,0.05,0.05,0.05,0.05,0.05,0.05,0.05,0.1,0.1,0.1,0.05,0.05,0.05,0.05,0.05,0.05,0.05,0.1,0.1,0.1,0.1,0.05,0.05,0.05,0.1,0.05,0.05,0.05,0.05,0.05,0.05,0.05,0.05,0.05,0.05,0.05,0.05,0.05,0.05,0.05,0.05,0.05,0.05,0.05,0.05,0.05,0.05,0.05,0.05,0.05,0.05,0.05,0.05,0.05,0.05,0.05,0.05,0.05,0.05,0.05,0.05,0.05,0.05,0.05,0.05,0.05,0.05,0.05,0.05,0.05,0.05,0.1,0.05,0.05,0.05,0.05,0.05,0.05,0.05,0.05,0.05,0.05,0.05
Vitamin B6 (Pyridoxine),0.1,0.1,0.1,0.1,0.1,0.1,0.3,0.2,0.1,0.2,0.1,0.1,0.1,0.1,0.1,0.1,0.1,0.1,0.1,0.1,0.1,0.1,0.1,0.1,0.1,0.2,0.4,0.4,0.3,0.1,0.1,0.1,0.1,0.1,0.1,0.1,0.1,0.1,0.1,0.1,0.1,0.1,0.1,0.1,0.1,0.1,0.1,0.1,0.1,0.1,0.1,0.1,0.1,0.1,0.1,0.1,0.1,0.1,0.1,0.1,0.1,0.1,0.1,0.1,0.1,0.2,0.1,0.1,0.1,0.1,0.1,0.1,0.1,0.1,0.1,0.2,0.1,0.1,0.1,0.1,0.1,0.1,0.2,0.1,0.3,0.3,0.3,0.3,0.2,0.2,0.2,0.2,0.2,0.2,0.2,0.2,0.2,0.2,0.2,0.2,0.2,0.2,0.1,0.1,0.1,0.1,0.1,0.1,0.1,0.1,0.1,0.1,0.1,0.1,0.1,0.1,0.05,0.05,0.05,0.05,0.05,0.05,0.05,0.05,0.05,0.05,0.1,0.1,0.1,0.1,0.2,-0.1,-0.1,0.1,0.1,-0.1,-0.1,0.1,0.1,0.1,-0.1,-0.1,0.1,-0.1,-0.1,-0.1,-0.2,-0.1,-0.1,-0.1
Vitamin B1 (Thiamine),0.1,0.0,0.0,0.1,0.0,0.1,0.6,0.2,0.0,0.4,0.2,0.0,0.0,0.1,0.0,0.0,0.0,0.0,0.0,0.1,0.2,0.0,0.0,0.0,0.0,0.2,0.8,0.7,0.5,0.0,0.2,0.0,0.0,0.1,0.1,0.2,0.1,0.0,0.1,0.0,0.0,0.1,0.0,0.0,0.0,0.0,0.0,0.1,0.0,0.0,0.0,0.0,0.0,0.0,0.0,0.0,0.0,0.0,0.0,0.1,0.1,0.1,0.1,0.1,0.1,0.1,0.1,0.2,0.0,0.1,0.1,0.0,0.0,0.1,0.1,0.0,0.0,0.0,0.2,0.0,0.1,0.1,0.2,0.1,0.2,0.2,0.2,0.1,0.1,0.1,0.0,0.1,0.1,0.1,0.1,0.2,0.1,0.1,0.1,0.2,0.2,0.3,0.2,0.2,0.2,0.1,0.1,0.0,0.0,0.0,0.1,0.1,0.1,0.1,0.0,0.0,-0.1,-0.1,-0.2,-0.1,-0.1,-0.1,-0.2,-0.1,-0.2,-0.2,-0.1,-0.1,-0.1,0.1,0.2,-0.5,-0.5,0.0,0.0,-0.2,-0.2,0.0,0.0,0.0,0.0,-0.5,-0.1,-0.1,0.2,0.1,-0.3,-0.2,-0.2,-0.1
Vitamin B2 (Riboflavin),0.0,0.0,0.0,0.1,0.0,0.1,0.1,0.0,0.0,0.0,0.1,0.0,0.0,0.1,0.0,0.0,0.0,0.0,0.0,0.3,0.3,0.0,0.2,0.0,0.0,0.1,0.3,0.3,0.3,0.0,0.0,0.0,0.0,0.1,0.0,0.0,0.0,0.0,0.0,0.0,0.0,0.1,0.0,0.0,0.0,0.0,0.0,0.1,0.0,0.0,0.0,0.1,0.0,0.0,0.0,0.0,0.0,0.0,0.0,0.3,0.3,0.3,0.3,0.1,0.1,0.2,0.0,0.0,0.0,0.0,0.0,0.0,0.0,0.1,0.1,0.0,0.0,0.0,0.2,0.0,0.1,0.1,0.2,0.1,0.2,0.2,0.2,0.2,0.1,0.1,0.1,0.1,0.1,0.1,0.1,0.2,0.1,0.1,0.1,0.2,0.2,0.2,0.2,0.2,0.2,0.1,0.1,0.3,0.0,0.0,0.3,0.2,0.2,0.2,0.0,0.0,-0.1,-0.1,-0.2,-0.1,-0.1,-0.1,-0.2,-0.1,-0.2,-0.2,-0.1,-0.1,-0.1,0.2,0.3,-0.5,-0.5,0.0,0.0,-0.2,-0.2,0.0,0.0,0.0,0.0,-0.5,-0.1,-0.1,0.2,0.2,-0.3,-0.2,-0.2,-0.1
Vitamin B3 (Niacin),0.1,0.2,0.1,0.2,0.2,0.2,0.3,0.3,0.2,0.3,0.2,0.1,0.1,0.2,0.1,0.1,0.1,0.1,0.1,0.2,0.2,0.1,0.2,0.1,0.1,0.3,0.4,0.4,0.3,0.2,0.2,0.1,0.1,0.2,0.2,0.1,0.2,0.1,0.2,0.1,0.2,0.2,0.1,0.3,0.2,0.2,0.1,0.2,0.1,0.1,0.1,0.1,0.1,0.1,0.1,0.1,0.2,0.2,0.2,0.2,0.3,0.3,0.3,0.2,0.2,0.3,0.4,0.3,0.2,0.2,0.3,0.2,0.2,0.3,0.3,0.4,0.3,0.3,0.2,0.1,0.1,0.2,0.2,0.1,0.3,0.3,0.3,0.3,0.2,0.2,0.2,0.3,0.2,0.3,0.3,0.3,0.3,0.3,0.3,0.3,0.3,0.3,0.3,0.3,0.3,0.3,0.3,0.2,0.1,0.2,0.2,0.2,0.2,0.2,0.1,0.1,0.1,0.1,0.1,0.1,0.1,0.1,0.1,0.1,0.1,0.1,0.1,0.1,0.1,0.2,0.3,0.0,0.0,0.0,0.0,0.0,0.0,0.1,0.1,0.1,0.0,0.1,0.0,0.1,0.3,0.3,0.2,0.2,0.2,0.2
Vitamin B5 (Pantothenic Acid),0.1,0.1,0.1,0.2,0.1,0.2,0.2,0.2,0.2,0.2,0.2,0.1,0.1,0.1,0.1,0.1,0.1,0.1,0.1,0.3,0.3,0.1,0.3,0.2,0.2,0.3,0.5,0.5,0.4,0.2,0.2,0.2,0.1,0.3,0.2,0.1,0.2,0.2,0.2,0.1,0.2,0.3,0.1,0.2,0.2,0.1,0.1,0.2,0.2,0.1,0.1,0.2,0.1,0.1,0.1,0.1,0.2,0.2,0.2,0.3,0.3,0.3,0.3,0.2,0.2,0.3,0.5,0.4,0.3,0.3,0.4,0.3,0.3,0.4,0.4,0.5,0.4,0.4,0.3,0.2,0.2,0.3,0.3,0.2,0.3,0.3,0.3,0.3,0.3,0.3,0.3,0.3,0.3,0.3,0.3,0.3,0.3,0.3,0.3,0.3,0.3,0.3,0.3,0.3,0.3,0.3,0.3,0.2,0.1,0.2,0.2,0.2,0.2,0.2,0.1,0.1,0.1,0.1,0.1,0.1,0.1,0.1,0.1,0.1,0.1,0.1,0.2,0.2,0.2,0.3,0.4,0.0,0.0,0.0,0.0,0.0,0.0,0.1,0.2,0.1,0.0,0.1,0.1,0.1,0.3,0.3,0.2,0.2,0.2,0.2
Vitamin B7 (Biotin),0.0,0.0,0.0,0.0,0.0,0.0,0.0,0.0,0.0,0.0,0.0,0.0,0.0,0.0,0.0,0.0,0.0,0.0,0.0,0.1,0.1,0.0,0.2,0.1,0.1,0.2,0.3,0.3,0.2,0.0,0.0,0.0,0.0,0.0,0.0,0.0,0.0,0.0,0.0,0.0,0.0,0.0,0.0,0.0,0.0,0.0,0.0,0.0,0.0,0.0,0.0,0.1,0.0,0.0,0.0,0.0,0.0,0.0,0.0,0.2,0.2,0.2,0.2,0.1,0.1,0.3,0.1,0.0,0.0,0.0,0.0,0.0,0.0,0.1,0.1,0.0,0.0,0.0,0.0,0.0,0.0,0.0,0.0,0.0,0.0,0.0,0.0,0.0,0.0,0.0,0.0,0.0,0.0,0.0,0.0,0.0,0.0,0.0,0.0,0.0,0.0,0.0,0.0,0.0,0.0,0.0,0.0,0.0,0.0,0.0,0.0,0.0,0.0,0.0,0.0,0.0,-0.1,-0.1,-0.1,-0.1,-0.1,-0.1,-0.2,-0.1,-0.1,-0.2,-0.1,-0.1,-0.1,0.0,0.3,-0.2,-0.2,-0.1,-0.1,-0.1,-0.1,-0.2,0.0,0.0,-0.1,-0.2,-0.1,-0.1,0.0,0.0,-0.2,-0.1,-0.1,-0.1
Vitamin B9 (Folate),0.1,0.0,0.0,0.2,0.0,0.1,0.0,0.1,0.0,0.2,0.0,0.1,0.1,0.0,0.0,0.0,0.0,0.0,0.0,0.3,0.3,0.2,0.2,0.1,0.1,0.2,0.4,0.3,0.3,0.1,0.1,0.2,0.0,0.0,0.0,0.0,0.1,0.0,0.0,0.0,0.1,0.1,0.0,0.0,0.0,0.0,0.0,0.2,0.0,0.0,0.1,0.2,0.0,0.0,0.0,0.0,0.0,0.0,0.0,0.1,0.1,0.1,0.1,0.2,0.2,0.4,0.0,0.0,0.0,0.0,0.0,0.0,0.0,0.1,0.0,0.0,0.0,0.0,0.1,0.0,0.0,0.1,0.1,0.1,0.0,0.0,0.0,0.0,0.0,0.0,0.0,0.0,0.0,0.0,0.0,0.0,0.0,0.0,0.0,0.0,0.0,0.0,0.0,0.0,0.0,0.0,0.0,0.0,0.0,0.0,0.0,0.0,0.0,0.0,0.0,0.0,-0.1,-0.1,-0.1,-0.1,-0.1,-0.1,-0.2,-0.1,-0.1,-0.2,-0.1,-0.1,-0.1,0.0,0.2,-0.2,-0.2,-0.1,-0.1,-0.1,-0.1,-0.2,0.1,0.0,-0.1,-0.2,-0.1,-0.1,0.0,0.0,-0.2,-0.1,-0.1,-0.1
Vitamin B12 (Cobalamin),0.0,0.0,0.0,0.0,0.0,0.0,0.0,0.0,0.0,0.0,0.0,0.0,0.0,0.0,0.0,0.0,0.0,0.0,0.0,0.0,0.0,0.0,0.0,0.0,0.0,0.0,0.0,0.0,0.0,0.0,0.0,0.0,0.0,0.0,0.0,0.0,0.0,0.0,0.0,0.0,0.0,0.0,0.0,0.0,0.0,0.0,0.0,0.0,0.0,0.0,0.0,0.0,0.0,0.0,0.0,0.0,0.0,0.0,0.0,0.0,0.0,0.0,0.0,0.0,0.0,0.0,0.0,0.0,0.0,0.0,0.0,0.0,0.0,0.0,0.0,0.0,0.0,0.0,0.0,0.0,0.0,0.0,0.0,0.0,1.0,1.0,1.0,1.0,1.0,1.0,1.0,1.0,1.0,1.0,1.0,1.0,1.0,1.0,0.5,1.0,1.0,1.0,1.0,0.5,0.5,0.5,0.5,0.5,0.0,0.0,0.5,0.5,0.5,0.5,0.5,0.5,0.0,0.0,0.0,0.0,0.0,0.0,0.0,0.0,0.0,0.0,0.0,0.0,0.0,0.0,1.0,0.0,0.0,0.0,0.0,0.0,0.0,0.0,0.0,0.0,0.0,0.0,0.0,0.0,0.5,0.5,0.0,0.0,0.0,0.0
Vitamin A,0.0,0.0,0.0,0.5,0.0,0.5,0.0,0.8,0.0,0.7,0.0,0.6,0.5,0.6,0.0,0.0,0.4,0.0,0.0,1.0,1.0,0.3,0.6,0.0,0.2,0.4,0.2,0.0,0.0,1.0,1.0,0.3,0.0,0.0,0.7,0.0,0.8,0.0,0.8,0.0,0.2,0.6,0.0,0.0,0.0,0.0,0.0,0.0,0.0,0.0,0.0,0.3,0.0,0.0,0.0,0.0,0.0,0.0,0.0,0.0,0.0,0.0,0.0,0.0,0.0,0.2,0.0,0.0,0.0,0.0,0.0,0.0,0.0,0.0,0.0,0.0,0.0,0.0,0.0,0.0,0.0,0.0,0.0,0.0,0.0,0.0,0.0,0.0,0.0,0.0,0.0,0.0,0.0,0.0,0.0,0.0,0.0,0.0,0.3,0.3,0.3,0.3,0.0,0.0,0.0,0.0,0.0,0.0,0.0,0.0,0.0,0.0,0.0,0.0,0.0,0.0,0.0,0.0,0.0,0.0,0.0,0.0,0.0,0.0,0.0,0.0,0.0,0.0,0.0,0.0,0.4,0.0,0.0,0.0,0.0,0.0,0.0,0.0,0.0,0.0,0.0,0.0,0.0,0.0,0.0,0.0,0.0,0.0,0.0,0.0
Creatinine,0.0,0.0,0.0,0.0,0.0,0.0,0.0,0.0,0.0,0.0,0.0,0.0,0.0,0.0,0.0,0.0,0.0,0.0,0.0,0.0,0.0,0.0,0.0,0.0,0.0,0.0,0.0,0.0,0.0,0.0,0.0,0.0,0.0,0.0,0.0,0.0,0.0,0.0,0.0,0.0,0.0,0.0,0.0,0.0,0.0,0.0,0.0,0.0,0.0,0.0,0.0,0.0,0.0,0.0,0.0,0.0,0.0,0.0,0.0,0.0,0.0,0.0,0.0,0.0,0.0,0.0,0.0,0.0,0.0,0.0,0.0,0.0,0.0,0.0,0.0,0.0,0.0,0.0,0.0,0.0,0.0,0.0,0.0,0.0,0.0,0.0,0.0,0.0,0.0,0.0,0.0,0.0,0.0,0.0,0.0,0.0,0.0,0.0,0.0,0.0,0.0,0.0,0.0,0.0,0.0,0.0,0.0,0.0,0.0,0.0,0.0,0.0,0.0,0.0,0.0,0.0,0.0,0.0,0.0,0.0,0.0,0.0,0.0,0.0,0.0,0.0,0.0,0.0,0.0,0.0,0.0,0.0,0.0,0.0,0.0,0.0,0.0,0.0,0.0,0.0,0.0,0.0,0.0,0.0,0.0,0.0,0.0,0.0,0.0,0.0
Uric Acid,0.0,0.0,0.0,0.0,0.0,0.0,0.0,0.0,0.0,0.0,0.0,0.0,0.0,0.0,1.0,0.0,0.0,0.0,0.0,1.0,1.0,0.0,0.0,0.0,0.0,1.0,1.0,1.0,1.0,0.0,0.0,0.0,0.0,0.0,0.0,0.0,0.0,0.0,0.0,0.0,0.0,0.0,0.0,0.0,0.0,0.0,0.0,1.0,0.0,0.0,0.0,0.0,0.0,0.0,0.0,0.0,0.0,0.0,0.0,0.0,0.0,0.0,0.0,0.0,0.0,0.0,0.0,0.0,0.0,0.0,0.0,0.0,0.0,0.0,0.0,0.0,0.0,0.0,0.0,0.0,0.0,0.0,0.0,0.0,0.0,0.0,0.0,0.0,0.0,0.0,0.0,0.0,0.0,0.0,0.0,0.0,0.0,0.0,0.0,0.0,0.0,0.0,0.0,0.0,0.0,0.0,0.0,0.0,0.0,0.0,0.0,0.0,0.0,0.0,0.0,0.0,0.0,0.0,0.0,0.0,0.0,0.0,0.0,0.0,0.0,0.0,0.0,0.0,0.0,0.0,0.0,0.0,0.0,0.0,0.0,0.0,0.0,0.0,0.0,0.0,0.0,0.0,0.0,0.0,0.0,0.0,0.0,0.0,0.0,0.0
Blood Urea Nitrogen,0.0,0.0,0.0,0.0,0.0,0.0,0.0,0.0,0.0,0.0,0.0,0.0,0.0,0.0,0.0,0.0,0.0,0.0,0.0,-0.2,-0.2,-0.1,-0.1,-0.1,-0.1,-0.1,0.5,0.4,0.5,-0.1,-0.1,-0.1,-0.1,0.0,0.0,0.0,-0.1,-0.1,-0.1,-0.1,-0.1,-0.1,-0.1,-0.2,-0.1,-0.2,-0.1,-0.2,-0.2,-0.1,-0.1,-0.1,-0.1,-0.1,-0.1,-0.1,-0.1,-0.1,-0.2,-0.1,-0.1,-0.1,-0.1,-0.1,-0.1,-0.1,-0.1,-0.1,-0.1,-0.1,-0.1,-0.1,-0.1,-0.1,-0.1,-0.1,-0.1,-0.1,0.2,0.2,0.2,0.2,0.2,0.2,0.7,0.7,0.7,0.7,0.5,0.5,0.5,0.5,0.5,0.6,0.6,0.6,0.6,0.6,0.8,0.9,0.9,0.8,0.9,0.8,0.8,0.8,0.8,0.2,-0.2,-0.1,0.4,0.4,0.4,0.3,0.2,0.3,0.7,0.7,0.7,0.7,0.5,0.7,0.7,0.7,0.7,0.7,0.5,0.6,0.6,0.4,0.5,0.0,0.0,0.0,0.0,0.0,0.0,0.2,0.1,0.0,0.0,0.6,0.2,0.4,0.9,0.8,0.6,0.7,0.7,0.6
Cystatin C,0.0,0.0,0.0,0.0,0.0,0.0,0.0,0.0,0.0,0.0,0.0,0.0,0.0,0.0,0.0,0.0,0.0,0.0,0.0,-0.2,-0.2,-0.2,-0.2,-0.2,-0.2,-0.2,-0.1,-0.1,-0.1,-0.1,-0.1,-0.1,-0.1,-0.1,-0.1,-0.1,-0.1,-0.1,-0.1,-0.1,-0.1,-0.1,-0.1,-0.2,-0.1,-0.2,-0.1,-0.2,-0.2,-0.1,-0.1,-0.1,-0.1,-0.1,-0.1,-0.1,-0.1,-0.1,-0.2,-0.1,-0.1,-0.1,-0.1,-0.1,-0.1,-0.1,-0.1,-0.1,-0.1,-0.1,-0.1,-0.1,-0.1,-0.1,-0.1,-0.1,-0.1,-0.1,0.0,0.0,0.0,0.0,0.0,0.0,0.1,0.1,0.1,0.1,0.1,0.1,0.1,0.1,0.1,0.1,0.1,0.1,0.1,0.1,0.2,0.3,0.3,0.2,0.3,0.2,0.2,0.2,0.2,0.0,-0.1,-0.1,0.1,0.1,0.1,0.1,0.0,0.0,0.3,0.3,0.3,0.3,0.1,0.3,0.3,0.3,0.3,0.3,0.1,0.2,0.2,0.1,0.1,0.0,0.0,0.0,0.0,0.0,0.0,0.1,0.0,0.0,0.0,0.2,0.1,0.1,0.3,0.3,0.2,0.3,0.3,0.2
Sodium,0.0,0.0,0.0,0.0,0.0,0.0,0.0,0.0,0.0,0.0,0.0,0.0,0.0,0.0,0.0,0.0,0.0,0.0,0.0,0.1,0.1,0.0,0.1,0.0,0.0,0.0,0.0,0.0,0.0,0.0,0.0,0.0,0.0,0.1,0.0,0.0,0.0,0.0,0.0,0.0,0.0,0.0,0.0,0.1,0.1,0.0,0.1,0.1,0.0,0.0,0.0,0.0,0.0,0.0,0.0,0.0,0.0,0.0,0.0,0.0,0.0,0.0,0.0,0.0,0.0,0.0,0.0,0.0,0.0,0.0,0.0,0.0,0.0,0.0,0.0,0.0,0.0,0.0,0.0,0.0,0.0,0.0,0.0,0.0,0.2,0.2,0.2,0.2,0.2,0.2,0.2,0.2,0.2,0.3,0.3,0.3,0.3,0.3,0.2,0.2,0.2,0.2,0.5,0.5,0.5,0.5,0.5,0.1,0.0,0.0,0.3,0.2,0.1,0.1,0.1,0.1,0.0,0.0,0.0,0.0,0.0,0.0,0.0,0.0,0.0,0.0,0.0,0.0,0.0,0.0,0.2,0.1,0.1,0.0,0.0,0.0,0.1,0.0,0.0,0.1,0.1,0.3,0.3,0.2,0.3,0.2,0.3,0.3,0.3,0.2
Potassium,0.1,0.1,0.1,0.1,0.1,0.1,0.5,0.3,0.2,0.3,0.3,0.2,0.2,0.3,0.1,0.1,0.1,0.1,0.1,0.4,0.4,0.1,0.2,0.1,0.1,0.2,0.3,0.3,0.3,0.2,0.4,0.3,0.1,0.4,0.4,0.3,0.3,0.1,0.1,0.0,0.2,0.2,0.1,0.1,0.1,0.0,0.1,0.1,0.1,0.0,0.0,0.1,0.1,0.0,0.0,0.0,0.1,0.0,0.0,0.1,0.2,0.2,0.2,0.1,0.1,0.2,0.2,0.2,0.2,0.2,0.2,0.2,0.2,0.2,0.2,0.3,0.2,0.2,0.2,0.1,0.2,0.2,0.2,0.1,0.4,0.4,0.4,0.4,0.3,0.3,0.3,0.3,0.3,0.1,0.2,0.2,0.2,0.2,0.3,0.3,0.3,0.3,0.1,0.2,0.2,0.2,0.2,0.1,0.1,0.1,0.2,0.2,0.2,0.2,0.1,0.1,0.1,0.1,0.1,0.1,0.1,0.1,0.1,0.1,0.1,0.1,0.2,0.2,0.2,0.2,0.3,0.0,0.0,0.0,0.0,0.0,0.0,0.0,0.2,0.1,0.0,0.2,0.2,0.1,0.2,0.2,0.2,0.2,0.2,0.2
Calcium,0.0,0.0,0.0,0.1,0.0,0.0,0.0,0.0,0.0,0.2,0.0,0.0,0.0,0.0,0.0,0.0,0.0,0.0,0.0,0.5,0.6,0.1,0.3,0.1,0.1,0.2,0.2,0.2,0.1,0.0,0.0,0.0,0.0,0.0,0.0,0.0,0.0,0.0,0.1,0.0,0.0,0.0,0.0,0.0,0.0,0.0,0.0,0.2,0.0,0.0,0.0,0.2,0.0,0.0,0.0,0.0,0.0,0.0,0.0,0.0,0.0,0.0,0.0,0.3,0.2,0.4,0.5,0.3,0.0,0.3,0.3,0.2,0.2,0.3,0.4,0.5,0.3,0.6,0.1,0.0,0.0,0.2,0.3,0.2,0.2,0.2,0.3,0.0,0.0,0.0,0.0,0.0,0.0,0.1,0.2,0.3,0.1,0.3,0.0,0.0,0.0,0.0,0.0,0.0,0.0,0.0,0.0,0.4,0.2,0.2,0.5,0.4,0.3,0.2,0.0,0.0,-0.2,-0.2,-0.2,-0.2,-0.1,-0.1,-0.2,-0.2,-0.2,-0.2,-0.1,-0.1,-0.1,0.0,0.3,-0.3,-0.3,-0.2,-0.2,-0.2,-0.2,-0.1,0.2,0.0,-0.1,-0.3,-0.2,-0.2,0.0,0.0,-0.3,-0.1,-0.1,-0.1
Magnesium,0.1,0.0,0.1,0.1,0.0,0.1,0.2,0.2,0.0,0.2,0.0,0.1,0.1,0.0,0.0,0.0,0.0,0.0,0.0,0.5,0.5,0.1,0.3,0.2,0.2,0.3,0.4,0.4,0.3,0.1,0.1,0.2,0.0,0.1,0.1,0.0,0.1,0.0,0.1,0.0,0.1,0.0,0.0,0.0,0.0,0.0,0.0,0.2,0.0,0.0,0.0,0.2,0.0,0.0,0.0,0.0,0.0,0.0,0.0,0.2,0.2,0.2,0.3,0.2,0.2,0.3,0.4,0.3,0.1,0.3,0.4,0.3,0.3,0.4,0.5,0.5,0.3,0.4,0.2,0.1,0.0,0.2,0.3,0.3,0.1,0.1,0.1,0.0,0.0,0.0,0.0,0.0,0.0,0.0,0.1,0.1,0.0,0.2,0.1,0.1,0.1,0.1,0.0,0.0,0.0,0.0,0.0,0.1,0.1,0.1,0.2,0.1,0.2,0.1,0.0,0.0,-0.2,-0.2,-0.2,-0.2,-0.1,-0.1,-0.2,-0.2,-0.2,-0.2,-0.1,-0.1,-0.1,0.1,0.2,-0.3,-0.3,-0.2,-0.1,-0.2,-0.2,-0.2,0.2,0.0,-0.1,-0.3,-0.2,-0.2,0.0,0.0,-0.3,-0.1,-0.1,-0.1
Phosphate,0.0,0.0,0.0,0.0,0.0,0.0,0.0,0.0,0.0,0.1,0.0,0.0,0.0,0.0,0.0,0.0,0.0,0.0,0.0,0.5,0.5,0.2,0.3,0.2,0.1,0.4,0.6,0.6,0.6,0.2,0.3,0.2,0.0,0.3,0.3,0.2,0.2,0.0,0.3,0.0,0.0,0.0,0.0,0.0,0.0,0.0,0.0,0.3,0.0,0.0,0.0,0.1,0.0,0.0,0.0,0.0,0.0,0.0,0.0,0.3,0.4,0.4,0.3,0.2,0.3,0.3,0.6,0.5,0.3,0.3,0.5,0.5,0.4,0.6,0.5,0.6,0.5,0.5,0.4,0.3,0.3,0.4,0.4,0.4,0.1,0.1,0.1,0.1,0.1,0.1,0.1,0.1,0.1,0.2,0.2,0.2,0.2,0.2,0.3,0.4,0.4,0.4,0.3,0.3,0.3,0.3,0.3,0.2,0.0,0.0,0.3,0.2,0.2,0.2,0.0,0.0,0.0,0.0,0.0,0.0,0.2,0.0,0.0,0.0,0.0,0.0,0.3,0.2,0.2,0.3,0.4,0.0,0.0,0.0,0.0,0.0,0.0,0.0,0.2,0.0,0.0,0.1,0.2,0.2,0.4,0.4,0.2,0.3,0.3,0.3
Chloride,0.0,0.0,0.0,0.0,0.0,0.0,0.0,0.0,0.0,0.0,0.0,0.0,0.0,0.0,0.0,0.0,0.0,0.0,0.0,0.2,0.2,0.3,0.3,0.2,0.2,0.2,0.1,0.1,0.1,0.1,0.1,0.1,0.1,0.2,0.1,0.1,0.1,0.0,0.1,0.0,0.2,0.2,0.0,0.1,0.1,0.1,0.4,0.2,0.1,0.0,0.0,0.2,0.0,0.0,0.0,0.0,0.0,0.0,0.0,0.1,0.1,0.1,0.1,0.0,0.0,0.1,0.0,0.0,0.0,0.0,0.0,0.0,0.0,0.0,0.0,0.0,0.0,0.0,0.0,0.0,0.0,0.0,0.0,0.0,0.1,0.1,0.1,0.1,0.1,0.1,0.1,0.1,0.1,0.1,0.1,0.1,0.1,0.1,0.2,0.2,0.2,0.2,0.3,0.3,0.3,0.3,0.3,0.1,0.0,0.0,0.2,0.2,0.1,0.1,0.0,0.0,0.0,0.0,0.0,0.0,0.1,0.0,0.0,0.0,0.0,0.0,0.2,0.1,0.1,0.2,0.2,0.0,0.0,0.0,0.0,0.0,0.0,0.0,0.0,0.0,0.0,0.1,0.1,0.1,0.3,0.3,0.2,0.2,0.2,0.2
Bicarbonate,0.0,0.0,0.0,0.0,0.0,0.0,0.5,0.5,0.0,0.0,0.0,0.0,0.0,0.0,0.0,0.0,0.0,0.0,0.0,0.5,0.5,0.0,0.5,0.0,0.0,0.0,0.0,0.0,0.0,0.0,0.0,0.0,0.0,0.5,0.5,0.0,0.0,0.0,0.0,0.0,0.0,0.0,0.0,0.0,0.0,0.0,0.0,0.0,0.0,0.0,0.0,0.0,0.0,0.0,0.0,0.0,0.0,0.0,0.0,0.0,0.0,0.0,0.0,0.0,0.0,0.0,0.0,0.0,0.0,0.0,0.0,0.0,0.0,0.0,0.0,0.0,0.0,0.0,0.0,0.0,0.0,0.0,0.0,0.0,0.0,0.0,0.0,0.0,0.0,0.0,0.0,0.0,0.0,0.0,0.0,0.0,0.0,0.0,0.0,0.0,0.0,0.0,0.0,0.0,0.0,0.0,0.0,0.0,0.0,0.0,0.0,0.0,0.0,0.0,0.0,0.0,0.0,0.0,0.0,0.0,0.0,0.0,0.0,0.0,0.0,0.0,0.0,0.0,0.0,0.0,0.0,-0.5,-0.5,-0.5,0.0,0.0,-0.5,0.0,0.0,0.0,0.0,0.0,0.0,0.0,0.0,0.0,0.0,0.0,0.0,0.0
Iron,0.5,0.5,0.5,0.0,0.0,0.0,0.5,0.5,0.0,0.5,0.5,0.0,0.0,0.5,0.5,0.0,0.0,0.5,0.0,1.0,1.0,0.0,0.5,0.0,0.0,0.5,1.0,1.0,1.0,0.0,0.0,0.5,0.0,0.5,0.5,0.0,0.0,0.0,0.0,0.0,0.5,0.0,0.0,0.5,0.0,0.0,0.0,0.5,0.0,0.0,0.0,0.5,0.0,0.0,0.0,0.0,0.0,0.0,0.0,0.5,0.5,0.5,0.5,0.0,0.5,0.0,0.5,0.5,0.0,0.5,0.5,0.5,0.5,0.5,0.5,0.5,0.5,0.5,0.5,0.5,0.0,0.5,0.5,0.5,0.5,0.5,0.5,0.5,0.5,0.5,0.5,0.5,0.5,0.5,0.5,1.0,0.5,0.5,0.5,1.0,1.0,0.5,0.5,0.5,0.5,0.5,0.5,0.0,0.0,0.0,0.0,0.0,0.0,0.0,0.0,0.0,0.0,0.0,0.0,0.0,0.0,0.0,0.0,0.0,0.0,0.0,0.0,0.0,0.0,0.5,0.5,0.0,0.0,0.0,0.0,0.0,0.0,0.0,0.0,0.0,0.0,0.0,0.0,0.0,0.5,0.5,0.0,0.0,0.5,0.5
Globulin,0.1,0.1,0.1,0.1,0.0,0.1,0.0,0.1,0.1,0.1,0.1,0.1,0.1,0.1,0.1,0.0,0.0,0.0,0.0,0.2,0.2,0.1,0.2,0.1,0.1,0.1,0.2,0.2,0.2,0.1,0.0,0.1,0.0,0.0,0.0,0.0,0.0,0.0,0.0,0.0,0.0,0.1,0.1,0.2,0.1,0.1,0.0,0.1,0.0,0.0,0.0,0.0,0.0,0.0,0.0,0.0,0.1,0.2,0.0,0.0,0.1,0.0,0.0,0.0,0.0,0.0,0.1,0.1,0.0,0.0,0.1,0.1,0.0,0.1,0.1,0.1,0.1,0.1,0.0,0.0,0.0,0.0,0.1,0.0,0.2,0.2,0.2,0.2,0.2,0.2,0.2,0.2,0.2,0.2,0.2,0.2,0.2,0.2,0.3,0.3,0.3,0.3,0.3,0.3,0.3,0.3,0.3,0.1,0.1,0.1,0.2,0.2,0.2,0.2,0.1,0.1,0.1,0.1,0.1,0.1,0.0,0.1,0.1,0.1,0.1,0.1,0.1,0.1,0.1,0.1,0.2,0.0,0.0,0.0,0.0,0.0,0.0,0.0,0.0,0.0,0.0,0.1,0.0,0.0,0.2,0.3,0.1,0.3,0.3,0.2
Albumin,0.1,0.1,0.1,0.1,0.0,0.1,0.0,0.1,0.1,0.1,0.1,0.1,0.1,0.1,0.1,0.0,0.0,0.0,0.0,0.2,0.2,0.1,0.2,0.1,0.1,0.1,0.2,0.2,0.2,0.1,0.0,0.1,0.0,0.0,0.0,0.0,0.0,0.0,0.0,0.0,0.0,0.1,0.1,0.2,0.1,0.1,0.0,0.1,0.0,0.0,0.0,0.0,0.0,0.0,0.0,0.0,0.1,0.2,0.0,0.0,0.1,0.0,0.0,0.0,0.0,0.0,0.1,0.1,0.0,0.0,0.1,0.1,0.0,0.1,0.1,0.1,0.1,0.1,0.0,0.0,0.0,0.0,0.1,0.0,0.3,0.3,0.3,0.3,0.3,0.3,0.3,0.3,0.3,0.3,0.3,0.3,0.3,0.3,0.3,0.3,0.3,0.3,0.3,0.3,0.3,0.3,0.3,0.2,0.0,0.0,0.2,0.2,0.2,0.2,0.0,0.0,-0.1,-0.1,-0.1,-0.1,0.0,-0.1,-0.1,-0.1,-0.1,-0.1,0.0,-0.1,-0.1,0.1,0.2,0.0,0.0,0.0,0.0,0.0,0.0,0.0,0.0,0.0,0.0,-0.1,0.0,0.0,0.2,0.3,-0.1,0.3,0.3,0.2
Total Protein,0.1,0.1,0.1,0.1,0.1,0.1,0.1,0.1,0.1,0.5,0.4,0.1,0.1,0.1,0.1,0.1,0.1,0.1,0.1,0.6,0.6,0.2,0.5,0.5,0.4,0.7,0.8,0.8,0.8,0.3,0.3,0.2,0.2,0.2,0.3,0.2,0.3,0.2,0.3,0.2,0.2,0.3,0.2,0.1,0.1,0.2,0.1,0.3,0.2,0.1,0.1,0.2,0.1,0.1,0.1,0.1,0.1,0.1,0.1,0.5,0.5,0.5,0.5,0.4,0.4,0.5,0.8,0.6,0.2,0.6,0.7,0.6,0.7,0.6,0.7,0.8,0.6,0.6,0.4,0.2,0.3,0.4,0.4,0.3,1.0,1.0,1.0,1.0,0.9,0.9,0.8,0.9,0.8,0.9,0.8,0.7,0.8,0.7,1.0,1.0,1.0,1.0,0.8,0.8,0.8,0.7,0.7,0.7,0.2,0.4,0.8,0.8,0.9,0.7,0.2,0.2,-0.5,-0.5,-0.5,-0.5,-0.2,-0.3,-0.5,-0.5,-0.5,-0.5,-0.2,-0.3,-0.3,0.2,0.9,-0.7,-0.7,-0.2,-0.2,-0.5,-0.6,0.2,0.3,0.1,-0.1,-0.5,-0.3,-0.3,0.8,0.7,-0.4,0.5,0.6,0.5
Albumin/Globulin Ratio,0.1,0.1,0.1,0.1,0.1,0.1,0.1,0.1,0.1,0.4,0.3,0.1,0.1,0.1,0.1,0.1,0.1,0.1,0.1,0.6,0.6,0.3,0.5,0.5,0.4,0.6,0.8,0.8,0.8,0.2,0.2,0.1,0.2,0.2,0.3,0.2,0.3,0.2,0.3,0.2,0.2,0.3,0.2,0.2,0.2,0.3,0.2,0.3,0.2,0.1,0.1,0.2,0.1,0.1,0.1,0.1,0.2,0.1,0.1,0.5,0.5,0.5,0.5,0.4,0.4,0.5,0.6,0.5,0.2,0.5,0.6,0.5,0.6,0.5,0.6,0.7,0.5,0.5,0.3,0.2,0.3,0.3,0.3,0.2,0.9,0.9,0.9,0.9,0.8,0.8,0.7,0.8,0.7,0.8,0.7,0.6,0.7,0.6,0.9,0.9,0.9,0.9,0.6,0.6,0.6,0.5,0.5,0.5,0.2,0.3,0.7,0.7,0.8,0.6,0.2,0.2,-0.6,-0.6,-0.6,-0.6,-0.3,-0.4,-0.6,-0.6,-0.6,-0.6,-0.3,-0.4,-0.4,0.3,0.8,-0.7,-0.7,-0.2,-0.2,-0.5,-0.6,0.2,0.3,0.1,-0.1,-0.6,-0.4,-0.4,0.6,0.6,-0.5,0.5,0.6,0.5
C-Reactive Protein,-0.5,-0.6,-0.6,-0.5,-0.4,-0.4,0.0,-0.4,-0.3,-0.5,-0.5,-0.4,-0.4,-0.4,-0.5,-0.3,-0.3,-0.4,-0.3,-0.7,-0.8,-0.4,-0.7,-0.6,-0.6,-0.5,-0.6,-0.6,-0.6,-0.4,-0.5,-0.5,-0.4,0.0,-0.4,0.0,-0.5,-0.4,-0.4,-0.3,-0.4,-0.5,-0.4,-0.7,-0.6,-0.5,-0.3,-0.5,-0.4,-0.6,-0.5,-0.5,-0.5,-0.5,-0.6,-0.5,-0.7,-0.8,-0.6,-0.5,-0.6,-0.5,-0.5,-0.4,-0.4,-0.7,-0.6,-0.5,-0.4,-0.5,-0.5,-0.6,-0.5,-0.4,-0.4,-0.6,-0.6,-0.5,0.0,0.0,0.1,-0.3,-0.5,-0.4,-0.7,-0.6,-0.7,-0.6,-0.5,-0.5,-0.4,-0.5,-0.5,-0.4,-0.4,-0.5,-0.4,-0.5,-0.3,0.5,0.5,0.4,0.6,0.6,0.5,0.6,0.6,0.4,-0.4,-0.5,0.3,0.3,-0.5,-0.4,0.5,0.6,0.6,0.6,0.7,0.6,0.4,0.6,0.6,0.6,0.7,0.7,0.4,0.6,0.6,-0.5,0.2,0.8,0.8,-0.2,-0.3,0.3,0.4,0.5,-0.3,-0.4,0.3,0.7,0.4,0.5,0.7,0.7,0.6,0.6,0.6,0.5
Haptoglobin,-0.3,-0.4,-0.4,-0.2,-0.3,-0.3,0.0,-0.2,-0.2,-0.3,-0.3,-0.2,-0.3,-0.2,-0.3,-0.1,-0.1,-0.2,-0.2,-0.6,-0.7,-0.3,-0.6,-0.5,-0.5,-0.4,-0.5,-0.5,-0.5,-0.3,-0.4,-0.4,-0.3,0.0,-0.3,0.0,-0.4,-0.3,-0.3,-0.2,-0.3,-0.4,-0.3,-0.6,-0.5,-0.4,-0.2,-0.4,-0.3,-0.5,-0.4,-0.4,-0.4,-0.4,-0.5,-0.4,-0.6,-0.7,-0.5,-0.4,-0.5,-0.4,-0.4,-0.3,-0.3,-0.6,-0.5,-0.4,-0.3,-0.4,-0.4,-0.5,-0.4,-0.3,-0.3,-0.5,-0.5,-0.4,0.0,0.0,0.1,-0.2,-0.4,-0.3,-0.6,-0.5,-0.6,-0.5,-0.4,-0.4,-0.3,-0.4,-0.4,-0.3,-0.3,-0.4,-0.3,-0.4,-0.2,0.4,0.4,0.3,0.5,0.5,0.4,0.5,0.5,0.3,-0.3,-0.4,0.2,0.2,-0.4,-0.3,0.4,0.5,0.5,0.5,0.6,0.5,0.3,0.5,0.5,0.5,0.6,0.6,0.3,0.5,0.5,-0.4,0.1,0.7,0.7,-0.1,-0.2,0.2,0.3,0.4,-0.2,-0.3,0.2,0.6,0.3,0.4,0.6,0.6,0.5,0.5,0.5,0.4
Transferrin,0.2,0.2,0.1,0.1,0.0,0.1,0.0,0.1,0.0,0.1,0.1,0.0,0.1,0.0,0.1,0.0,0.0,0.0,0.0,0.3,0.3,0.0,0.3,0.2,0.2,0.3,0.2,0.2,0.2,0.1,0.1,0.1,0.1,0.0,0.1,0.1,0.1,0.0,0.0,0.0,0.1,0.1,0.0,0.2,0.2,0.1,0.0,0.1,0.1,0.0,0.0,0.1,0.0,0.0,0.0,0.0,0.2,0.2,0.1,0.1,0.1,0.0,0.0,0.0,0.0,0.2,0.1,0.1,0.0,0.1,0.1,0.1,0.1,0.1,0.1,0.1,0.1,0.1,0.0,0.0,0.0,0.0,0.0,0.0,0.2,0.2,0.2,0.2,0.1,0.1,0.1,0.1,0.1,0.1,0.1,0.1,0.1,0.1,0.1,0.1,0.1,0.1,0.1,0.1,0.1,0.1,0.1,0.0,0.0,0.0,0.1,0.1,0.1,0.1,0.1,0.1,-0.2,-0.2,-0.2,-0.2,0.0,-0.2,-0.2,-0.2,-0.2,-0.2,0.0,-0.2,-0.2,0.0,0.1,-0.3,-0.3,0.0,0.0,-0.2,-0.2,-0.1,0.0,0.0,-0.2,-0.3,-0.2,-0.2,0.1,-0.2,-0.3,-0.2,-0.2,-0.2
C-Peptide,0.1,0.1,0.1,0.1,0.0,0.1,0.1,0.1,0.1,0.1,0.1,0.1,0.1,0.1,0.1,0.1,0.1,0.1,0.1,0.2,0.2,0.1,0.2,0.2,0.2,0.2,0.2,0.2,0.2,0.1,0.1,0.1,0.1,0.1,0.1,0.1,0.1,0.1,0.1,0.1,0.1,0.1,0.1,0.2,0.2,0.1,0.1,0.1,0.1,0.0,0.0,0.1,0.0,0.0,0.0,0.0,0.2,0.2,0.1,0.1,0.1,0.1,0.1,0.1,0.1,0.2,0.1,0.1,0.1,0.1,0.1,0.1,0.1,0.1,0.1,0.1,0.1,0.1,0.0,0.0,0.0,0.0,0.0,0.0,0.2,0.2,0.2,0.2,0.1,0.1,0.1,0.1,0.1,0.1,0.1,0.1,0.1,0.1,0.1,0.1,0.1,0.1,0.1,0.1,0.1,0.1,0.1,0.0,0.0,0.0,0.1,0.1,0.1,0.1,0.1,0.1,-0.2,-0.2,-0.2,-0.2,0.0,-0.2,-0.2,-0.2,-0.2,-0.2,0.0,-0.2,-0.2,0.0,0.1,-0.3,-0.3,0.0,0.0,-0.2,-0.2,-0.1,0.0,0.0,-0.2,-0.3,-0.2,-0.2,0.1,-0.2,-0.3,-0.2,-0.2,-0.2
Testosterone,0.1,0.2,0.2,0.1,0.1,0.1,0.0,0.1,0.0,0.1,0.1,0.1,0.0,0.1,0.1,0.0,0.0,0.0,0.0,0.2,0.2,0.1,0.2,0.1,0.1,0.1,0.1,0.2,0.1,0.0,0.0,0.1,0.0,0.0,0.0,0.0,0.0,0.0,0.1,0.0,0.0,0.1,0.0,0.2,0.1,0.1,0.0,0.1,0.0,0.1,0.0,0.1,0.0,0.0,0.0,0.0,0.2,0.1,0.0,0.1,0.1,0.1,0.1,0.0,0.0,0.2,0.2,0.1,0.1,0.1,0.1,0.1,0.1,0.1,0.2,0.2,0.1,0.1,0.0,0.0,0.0,0.0,0.0,0.0,0.2,0.2,0.2,0.1,0.1,0.1,0.0,0.1,0.0,0.0,0.0,0.1,0.1,0.1,0.1,0.2,0.2,0.1,0.1,0.0,0.1,0.1,0.0,0.1,0.0,-0.2,0.1,0.1,0.1,0.1,0.1,0.1,-0.2,-0.2,-0.2,-0.2,0.0,-0.2,-0.2,-0.2,-0.2,-0.2,-0.1,-0.2,-0.2,0.0,0.1,-0.3,-0.3,0.0,0.0,-0.2,-0.2,-0.1,0.1,0.0,-0.1,-0.3,-0.2,-0.2,0.1,0.1,-0.2,-0.2,-0.1,0.0
Estrogen,0.2,0.2,0.2,0.1,0.1,0.1,0.1,0.1,0.1,0.1,0.1,0.1,0.1,0.1,0.2,0.1,0.1,0.1,0.1,0.1,0.1,0.1,0.1,0.1,0.2,0.1,0.1,0.2,0.1,0.1,0.1,0.1,0.1,0.1,0.1,0.1,0.1,0.1,0.1,0.1,0.1,0.1,0.1,0.1,0.1,0.1,0.1,0.1,0.1,0.1,0.1,0.1,0.1,0.1,0.1,0.1,0.1,0.1,0.1,0.1,0.1,0.1,0.1,0.1,0.1,0.1,0.1,0.1,0.1,0.1,0.1,0.1,0.1,0.1,0.1,0.1,0.1,0.1,0.1,0.1,0.1,0.1,0.1,0.1,0.1,0.1,0.1,0.1,0.1,0.1,0.1,0.1,0.1,0.1,0.1,0.1,0.1,0.1,0.1,0.1,0.1,0.1,0.1,0.1,0.1,0.1,0.1,0.1,0.1,0.2,0.1,0.1,0.1,0.1,0.1,0.1,0.1,0.1,0.1,0.1,0.1,0.1,0.1,0.1,0.1,0.1,0.1,0.1,0.1,0.1,0.1,0.1,0.1,0.1,0.1,0.1,0.1,0.1,0.1,0.1,0.1,0.1,0.1,0.1,0.1,0.1,0.1,0.1,0.1,0.1
Progesterone,0.1,0.1,0.1,0.1,0.1,0.1,0.1,0.1,0.1,0.1,0.1,0.1,0.1,0.1,0.1,0.1,0.1,0.1,0.1,0.2,0.2,0.1,0.2,0.2,0.2,0.2,0.2,0.2,0.2,0.1,0.1,0.1,0.1,0.1,0.1,0.1,0.1,0.1,0.1,0.1,0.1,0.1,0.1,0.1,0.1,0.1,0.1,0.1,0.1,0.1,0.1,0.1,0.1,0.1,0.1,0.1,0.1,0.2,0.1,0.1,0.1,0.1,0.1,0.1,0.1,0.1,0.1,0.1,0.1,0.1,0.1,0.1,0.1,0.1,0.1,0.2,0.2,0.1,0.1,0.1,0.1,0.1,0.1,0.1,0.2,0.2,0.2,0.2,0.1,0.1,0.1,0.1,0.1,0.1,0.1,0.1,0.1,0.1,0.1,0.1,0.1,0.1,0.1,0.1,0.1,0.1,0.1,0.1,0.1,0.1,0.1,0.1,0.1,0.1,0.1,0.1,0.1,0.1,0.1,0.1,0.1,0.1,0.1,0.1,0.1,0.1,0.1,0.1,0.1,0.1,0.1,0.1,0.1,0.1,0.1,0.1,0.1,0.1,0.1,0.1,0.1,0.1,0.1,0.1,0.1,0.1,0.1,0.1,0.1,0.1
Cortisol,0.2,0.2,0.2,0.2,0.2,0.2,0.2,0.2,0.2,0.2,0.2,0.2,0.2,0.2,0.2,0.2,0.2,0.2,0.2,0.1,0.1,0.1,0.1,0.1,0.1,0.1,0.1,0.1,0.1,0.1,0.1,0.1,0.1,0.1,0.1,0.1,0.1,0.1,0.1,0.1,0.1,0.1,0.1,0.1,0.1,0.1,0.1,0.1,0.1,0.1,0.1,0.1,0.1,0.1,0.1,0.1,0.1,0.1,0.1,0.1,0.1,0.1,0.1,0.1,0.1,0.1,0.1,0.1,0.1,0.1,0.1,0.1,0.1,0.1,0.1,0.1,0.1,0.1,0.1,0.1,0.1,0.1,0.1,0.1,0.2,0.2,0.2,0.2,0.1,0.1,0.1,0.1,0.1,0.1,0.1,0.1,0.1,0.1,0.1,0.1,0.1,0.1,0.1,0.1,0.1,0.1,0.1,0.1,0.1,0.1,0.1,0.1,0.1,0.1,0.1,0.1,0.1,0.1,0.1,0.1,0.1,0.1,0.1,0.1,0.1,0.1,0.1,0.1,0.1,0.1,0.1,0.2,0.2,0.2,0.2,0.2,0.2,0.1,0.1,0.1,0.1,0.2,0.1,0.1,0.2,0.2,0.2,0.2,0.2,0.1
Aldosterone,0.1,0.2,0.1,0.1,0.2,0.1,0.3,0.2,0.3,0.2,0.2,0.1,0.1,0.1,0.2,0.1,0.2,0.1,0.1,-0.2,-0.3,-0.1,-0.2,-0.2,-0.1,0.1,0.2,0.2,0.1,0.1,0.2,0.1,-0.1,0.1,0.2,0.2,0.2,0.1,0.1,0.1,0.1,0.2,0.1,-0.1,-0.2,-0.1,-0.1,-0.2,-0.1,0.1,0.1,-0.1,0.1,0.1,0.1,0.1,0.1,-0.2,-0.1,0.1,0.1,0.1,0.1,0.1,0.1,-0.2,0.2,0.2,0.1,0.2,0.2,0.1,0.2,0.2,0.2,0.2,0.1,0.2,0.1,0.1,0.1,0.1,0.1,0.1,0.3,0.3,0.3,0.2,0.2,0.2,0.1,0.2,0.1,0.2,0.2,0.2,0.2,0.2,0.2,0.2,0.2,0.2,0.1,0.1,0.1,0.1,0.1,0.1,0.1,0.2,0.1,0.1,0.1,0.1,0.1,0.1,0.2,0.2,0.2,0.2,0.2,0.2,0.2,0.2,0.2,0.2,0.2,0.2,0.2,0.2,0.2,0.3,0.3,0.1,0.1,0.1,0.1,0.1,0.1,0.1,0.1,0.2,0.1,0.1,0.2,0.2,0.2,0.2,0.2,0.2
Thyroid-Stimulating Hormone (TSH),0.2,0.2,0.1,0.2,0.1,0.2,0.2,0.2,0.2,0.2,0.2,0.1,0.1,0.1,0.2,0.1,0.2,0.2,0.2,-0.1,-0.2,-0.1,-0.2,-0.2,-0.1,0.1,0.2,0.2,0.1,0.2,0.2,0.1,-0.1,0.1,0.2,0.2,0.2,0.2,0.2,0.1,0.2,0.2,0.2,-0.1,-0.2,-0.1,-0.1,-0.1,-0.1,0.2,0.2,-0.1,0.2,0.2,0.2,0.2,0.2,-0.2,-0.1,0.2,0.2,0.2,0.2,0.2,0.2,-0.2,0.2,0.2,0.1,0.2,0.2,0.2,0.2,0.2,0.2,0.2,0.2,0.2,0.1,0.1,0.1,0.1,0.1,0.1,0.2,0.2,0.2,0.2,0.2,0.2,0.1,0.2,0.1,0.2,0.2,0.2,0.2,0.2,0.2,0.2,0.2,0.2,0.1,0.1,0.1,0.1,0.1,0.1,0.1,0.2,0.1,0.1,0.1,0.1,0.1,0.1,0.2,0.2,0.2,0.2,0.2,0.2,0.2,0.2,0.2,0.2,0.2,0.2,0.2,0.2,0.2,0.3,0.3,0.2,0.2,0.2,0.2,0.2,0.2,0.2,0.2,0.2,0.2,0.2,0.2,0.2,0.2,0.2,0.2,0.2
Free Thyroxine (Free T4),0.1,0.2,0.2,0.3,0.2,0.3,0.1,0.2,0.3,0.1,0.2,0.2,0.1,0.1,0.2,0.1,0.1,0.2,0.1,0.3,0.3,0.1,0.3,0.2,0.2,0.3,0.3,0.3,0.2,0.2,0.3,0.3,0.1,0.1,0.2,0.1,0.3,0.1,0.2,0.1,0.1,0.2,0.1,0.2,0.1,0.1,0.1,0.2,0.1,0.1,0.1,0.2,0.1,0.1,0.1,0.1,0.2,0.2,0.2,0.2,0.2,0.2,0.2,0.1,0.1,0.2,0.1,0.1,0.1,0.1,0.1,0.2,0.1,0.2,0.2,0.2,0.2,0.2,0.1,0.1,0.1,0.1,0.1,0.1,0.3,0.3,0.3,0.3,0.2,0.2,0.2,0.2,0.2,0.2,0.2,0.3,0.2,0.2,0.2,0.2,0.2,0.2,-0.1,-0.1,-0.1,-0.1,-0.1,0.1,0.1,0.1,0.1,0.1,0.2,0.1,-0.2,-0.2,-0.3,-0.3,-0.3,-0.3,-0.2,-0.3,-0.3,-0.3,-0.3,-0.3,-0.2,-0.3,-0.3,-0.2,0.1,-0.3,-0.3,-0.2,-0.1,-0.2,-0.2,-0.2,0.1,0.1,-0.2,-0.3,-0.2,-0.2,-0.1,-0.3,-0.3,-0.3,-0.2,-0.2
Free Triiodothyronine (Free T3),0.1,0.2,0.2,0.2,0.1,0.2,0.1,0.1,0.2,0.1,0.2,0.1,0.1,0.1,0.2,0.1,0.1,0.2,0.1,0.2,0.2,0.1,0.2,0.1,0.1,0.2,0.2,0.2,0.1,0.1,0.2,0.2,0.1,0.1,0.1,0.1,0.2,0.1,0.2,0.1,0.1,0.2,0.1,0.1,0.1,0.1,0.1,0.1,0.1,0.1,0.1,0.2,0.1,0.1,0.1,0.1,0.2,0.2,0.1,0.1,0.1,0.1,0.1,0.1,0.1,0.2,0.1,0.1,0.1,0.1,0.1,0.1,0.1,0.1,0.1,0.2,0.2,0.1,0.1,0.1,0.1,0.1,0.1,0.1,0.3,0.3,0.3,0.3,0.2,0.2,0.2,0.2,0.2,0.2,0.2,0.3,0.2,0.2,0.2,0.2,0.2,0.2,-0.1,-0.1,-0.1,-0.1,-0.1,0.1,0.1,0.1,0.1,0.1,0.2,0.1,-0.2,-0.2,-0.3,-0.3,-0.3,-0.3,-0.2,-0.3,-0.3,-0.3,-0.3,-0.3,-0.2,-0.3,-0.3,-0.2,0.1,-0.3,-0.3,-0.2,-0.1,-0.2,-0.2,-0.2,0.1,0.1,-0.2,-0.3,-0.2,-0.2,-0.1,-0.3,-0.3,-0.3,-0.2,-0.2
Aspartate Aminotransferase,0.1,0.1,0.1,0.1,0.1,0.1,0.1,0.1,0.1,0.1,0.1,0.1,0.1,0.1,0.1,0.1,0.1,0.1,0.1,-0.1,-0.1,-0.1,-0.1,-0.1,-0.1,-0.1,-0.1,-0.1,-0.1,-0.1,-0.1,-0.1,-0.1,-0.1,-0.1,-0.1,-0.1,-0.1,-0.1,-0.1,-0.1,-0.1,-0.1,-0.2,-0.2,-0.2,-0.2,-0.2,-0.2,-0.2,-0.2,-0.2,-0.2,-0.2,-0.2,-0.2,-0.2,-0.2,-0.2,-0.2,-0.2,-0.2,-0.2,-0.2,-0.2,-0.2,0.1,0.1,0.1,0.1,0.1,0.1,0.1,0.1,0.1,0.1,0.1,0.1,0.1,0.1,0.1,0.1,0.1,0.1,0.1,0.1,0.1,0.1,0.1,0.1,0.1,0.1,0.1,0.1,0.1,0.1,0.1,0.1,0.1,0.1,0.1,0.1,0.1,0.1,0.1,0.1,0.1,0.1,0.1,0.1,0.1,0.1,0.1,0.1,0.1,0.1,0.2,0.2,0.2,0.2,0.2,0.2,0.2,0.2,0.2,0.2,0.2,0.2,0.2,0.2,0.1,0.2,0.2,0.1,0.1,0.2,0.2,0.2,0.2,0.2,0.2,0.2,0.2,0.2,0.2,0.2,0.2,0.2,0.2,0.2
Alanine Aminotransferase,0.1,0.1,0.1,0.1,0.1,0.1,0.1,0.1,0.1,0.1,0.1,0.1,0.1,0.1,0.1,0.1,0.1,0.1,0.1,-0.1,-0.1,-0.1,-0.1,-0.1,-0.1,-0.1,-0.1,-0.1,-0.1,-0.1,-0.1,-0.1,-0.1,-0.1,-0.1,-0.1,-0.1,-0.1,-0.1,-0.1,-0.1,-0.1,-0.1,-0.2,-0.2,-0.2,-0.2,-0.2,-0.2,-0.2,-0.2,-0.2,-0.2,-0.2,-0.2,-0.2,-0.2,-0.2,-0.2,-0.2,-0.2,-0.2,-0.2,-0.2,-0.2,-0.2,0.1,0.1,0.1,0.1,0.1,0.1,0.1,0.1,0.1,0.1,0.1,0.1,0.1,0.1,0.1,0.1,0.1,0.1,0.1,0.1,0.1,0.1,0.1,0.1,0.1,0.1,0.1,0.1,0.1,0.1,0.1,0.1,0.1,0.1,0.1,0.1,0.1,0.1,0.1,0.1,0.1,0.1,0.1,0.1,0.1,0.1,0.1,0.1,0.1,0.1,0.2,0.2,0.2,0.2,0.2,0.2,0.2,0.2,0.2,0.2,0.2,0.2,0.2,0.2,0.1,0.2,0.2,0.1,0.1,0.2,0.2,0.2,0.2,0.2,0.2,0.2,0.2,0.2,0.2,0.2,0.2,0.2,0.2,0.2
Alkaline Phosphatase,0.1,0.1,0.1,0.1,0.0,0.1,0.0,0.1,0.1,0.1,0.1,0.1,0.1,0.1,0.1,0.0,0.0,0.0,0.0,0.2,0.2,0.1,0.2,0.1,0.1,0.1,0.1,0.1,0.1,0.1,0.1,0.1,0.1,0.1,0.1,0.0,0.1,0.0,0.1,0.0,0.0,0.1,0.0,0.1,0.1,0.1,0.0,0.1,0.0,0.1,0.0,0.1,0.0,0.0,0.1,0.0,0.1,0.2,0.1,0.1,0.1,0.1,0.1,0.0,0.0,0.2,0.0,0.0,0.0,0.0,0.0,0.0,0.0,0.0,0.0,0.0,0.0,0.0,0.0,0.0,0.0,0.0,0.0,0.0,0.1,0.1,0.1,0.1,0.1,0.1,0.1,0.1,0.1,0.1,0.1,0.1,0.1,0.1,0.0,0.0,0.0,0.0,-0.1,-0.1,-0.1,-0.1,-0.1,0.0,0.0,0.0,0.0,0.0,0.0,0.0,-0.1,-0.1,-0.2,-0.2,-0.2,-0.2,-0.1,-0.2,-0.2,-0.2,-0.2,-0.2,-0.1,-0.2,-0.2,0.0,0.0,-0.3,-0.3,0.0,0.0,-0.2,-0.3,-0.1,0.1,0.0,-0.1,-0.3,0.0,-0.1,-0.1,-0.2,-0.3,-0.2,-0.2,-0.2
Gamma-Glutamyl Transferase,0.0,0.0,0.0,0.0,0.0,0.0,0.0,0.0,0.0,0.0,0.0,0.0,0.0,0.0,0.0,0.0,0.0,0.0,0.0,0.1,0.1,0.0,0.1,0.0,0.0,0.0,0.0,0.0,0.0,0.0,0.0,0.0,0.0,0.0,0.0,0.0,0.0,0.0,0.0,0.0,0.0,0.0,0.0,0.1,0.0,0.0,0.0,0.0,0.0,0.0,0.0,0.0,0.0,0.0,0.0,0.0,0.0,0.0,0.0,0.0,0.0,0.0,0.0,0.0,0.0,0.1,0.0,0.0,0.0,0.0,0.0,0.0,0.0,0.0,0.0,0.0,0.0,0.0,0.0,0.0,0.0,0.0,0.0,0.0,0.0,0.0,0.0,0.0,0.0,0.0,0.0,0.0,0.0,0.0,0.0,0.0,0.0,0.0,0.0,0.0,0.0,0.0,0.1,0.1,0.1,0.1,0.1,0.0,0.0,0.0,0.0,0.0,0.0,0.0,0.1,0.1,0.2,0.2,0.2,0.2,0.1,0.2,0.2,0.2,0.2,0.2,0.1,0.2,0.2,0.0,0.0,0.3,0.3,0.0,0.0,0.2,0.3,0.1,0.0,0.0,0.0,0.3,0.0,0.1,0.1,0.2,0.3,0.2,0.2,0.2
Bilirubin,0.2,0.1,0.1,0.3,0.2,0.3,0.2,0.1,0.1,0.2,0.1,0.2,0.2,0.1,0.2,0.1,0.1,0.2,0.2,-0.3,-0.3,-0.2,-0.2,-0.1,-0.2,-0.1,-0.1,-0.1,-0.2,-0.1,-0.2,-0.1,-0.1,-0.1,-0.1,-0.2,-0.2,-0.1,-0.1,-0.1,-0.2,-0.1,-0.2,-0.2,-0.2,-0.1,-0.1,-0.2,-0.1,-0.1,-0.1,-0.2,-0.1,-0.1,-0.1,-0.1,-0.1,-0.1,-0.1,-0.2,-0.2,-0.2,-0.1,-0.1,-0.1,-0.2,-0.1,-0.1,-0.1,-0.1,-0.1,-0.1,-0.1,-0.1,-0.1,-0.1,-0.1,-0.1,-0.1,-0.1,-0.1,-0.1,-0.1,-0.1,0.3,0.3,0.3,0.3,0.2,0.2,0.2,0.2,0.2,0.2,0.2,0.2,0.2,0.2,0.1,0.2,0.2,0.2,0.2,0.2,0.2,0.2,0.2,0.1,0.1,0.1,0.1,0.1,0.1,0.1,0.1,0.1,0.2,0.2,0.2,0.2,0.2,0.2,0.2,0.2,0.2,0.2,0.1,0.2,0.2,0.1,0.2,0.2,0.2,0.1,0.1,0.2,0.2,0.2,0.2,0.2,0.2,0.2,0.2,0.2,0.2,0.2,0.2,0.2,0.2,0.2
Lactate Dehydrogenase,0.1,0.1,0.1,0.2,0.1,0.2,0.2,0.2,0.2,0.2,0.1,0.2,0.2,0.1,0.2,0.1,0.1,0.2,0.2,-0.2,-0.3,-0.2,-0.2,-0.1,-0.2,-0.1,-0.1,-0.1,-0.2,-0.1,-0.2,-0.1,-0.1,-0.1,-0.1,-0.2,-0.2,-0.1,-0.1,-0.1,-0.2,-0.1,-0.2,-0.2,-0.2,-0.1,-0.1,-0.2,-0.1,-0.1,-0.1,-0.2,-0.1,-0.1,-0.1,-0.1,-0.1,-0.1,-0.1,-0.2,-0.2,-0.2,-0.1,-0.1,-0.1,-0.2,-0.1,-0.1,-0.1,-0.1,-0.1,-0.1,-0.1,-0.1,-0.1,-0.1,-0.1,-0.1,-0.1,-0.1,-0.1,-0.1,-0.1,-0.1,0.3,0.3,0.3,0.3,0.2,0.2,0.2,0.2,0.2,0.2,0.2,0.2,0.2,0.2,0.1,0.2,0.2,0.2,0.2,0.2,0.2,0.2,0.2,0.1,0.1,0.1,0.1,0.1,0.1,0.1,0.1,0.1,0.2,0.2,0.2,0.2,0.2,0.2,0.2,0.2,0.2,0.2,0.1,0.2,0.2,0.1,0.2,0.2,0.2,0.1,0.1,0.2,0.2,0.2,0.2,0.2,0.2,0.2,0.2,0.2,0.2,0.2,0.2,0.2,0.2,0.2
Prothrombin Time,0.0,0.0,0.0,0.0,0.0,0.0,0.0,0.0,0.0,0.0,0.0,0.0,0.0,0.0,0.0,0.0,0.0,0.0,0.0,1.0,1.0,1.0,1.0,1.0,1.0,0.0,0.0,0.0,0.0,0.0,0.0,0.0,0.0,0.0,0.0,0.0,0.0,0.0,0.0,0.0,0.0,0.0,0.0,0.0,0.0,0.0,0.0,0.0,0.0,0.0,0.0,0.0,0.0,0.0,0.0,0.0,0.0,0.0,0.0,0.0,0.0,0.0,0.0,0.0,0.0,0.0,0.0,0.0,0.0,0.0,0.0,0.0,0.0,0.0,0.0,-1.0,-1.0,0.0,0.0,0.0,0.0,0.0,0.0,0.0,-1.0,-1.0,-1.0,-1.0,0.0,0.0,0.0,0.0,0.0,0.0,0.0,0.0,0.0,0.0,0.0,0.0,0.0,0.0,0.0,0.0,0.0,0.0,0.0,0.0,0.0,0.0,0.0,0.0,0.0,0.0,0.0,0.0,0.0,0.0,0.0,0.0,0.0,0.0,0.0,0.0,0.0,0.0,0.0,0.0,0.0,0.0,0.0,0.0,0.0,0.0,0.0,0.0,0.0,0.0,0.0,0.0,0.0,0.0,0.0,0.0,0.0,0.0,0.0,0.0,0.0,0.0
Partial Thromboplastin Time,0.0,0.0,0.0,0.0,0.0,0.0,0.0,0.0,0.0,0.0,0.0,0.0,0.0,0.0,0.0,0.0,0.0,0.0,0.0,1.0,1.0,1.0,1.0,1.0,1.0,0.0,0.0,0.0,0.0,0.0,0.0,0.0,0.0,0.0,0.0,0.0,0.0,0.0,0.0,0.0,0.0,0.0,0.0,0.0,0.0,0.0,0.0,0.0,0.0,0.0,0.0,0.0,0.0,0.0,0.0,0.0,0.0,0.0,0.0,0.0,0.0,0.0,0.0,0.0,0.0,0.0,0.0,0.0,0.0,0.0,0.0,0.0,0.0,0.0,0.0,-1.0,-1.0,0.0,0.0,0.0,0.0,0.0,0.0,0.0,-1.0,-1.0,-1.0,-1.0,0.0,0.0,0.0,0.0,0.0,0.0,0.0,0.0,0.0,0.0,0.0,0.0,0.0,0.0,0.0,0.0,0.0,0.0,0.0,0.0,0.0,0.0,0.0,0.0,0.0,0.0,0.0,0.0,0.0,0.0,0.0,0.0,0.0,0.0,0.0,0.0,0.0,0.0,0.0,0.0,0.0,0.0,0.0,0.0,0.0,0.0,0.0,0.0,0.0,0.0,0.0,0.0,0.0,0.0,0.0,0.0,0.0,0.0,0.0,0.0,0.0,0.0
Fibrinogen,0.1,0.1,0.1,0.1,0.0,0.1,0.0,0.1,0.1,0.1,0.1,0.0,0.0,0.0,0.1,0.0,0.0,0.0,0.0,0.1,0.1,0.0,0.1,0.0,0.0,0.1,0.1,0.1,0.1,0.0,0.0,0.1,0.0,0.0,0.0,0.0,0.0,0.0,0.0,0.0,0.0,0.0,0.0,0.1,0.0,0.0,0.0,0.0,0.0,0.0,0.0,0.0,0.0,0.0,0.0,0.0,0.1,0.1,0.1,0.0,0.0,0.0,0.0,0.0,0.0,0.0,0.0,0.0,0.0,0.0,0.0,0.0,0.0,0.0,0.0,0.0,0.0,0.0,0.0,0.0,0.0,0.0,0.0,0.0,0.1,0.1,0.1,0.1,0.0,0.0,0.0,0.0,0.0,0.1,0.1,0.1,0.1,0.1,0.1,0.1,0.1,0.1,0.1,0.1,0.1,0.1,0.1,0.0,0.0,0.0,0.1,0.1,0.1,0.1,0.1,0.1,0.1,0.1,0.1,0.1,0.1,0.1,0.1,0.1,0.1,0.1,0.1,0.1,0.1,0.1,0.1,0.0,0.0,0.0,0.0,0.0,0.0,0.1,0.1,0.0,0.0,0.1,0.0,0.0,0.1,0.1,0.1,0.1,0.1,0.1
