Id,Name,Category,Sub_Category,Carbohydrates,Proteins,Fats,Vitamin A,Vitamin B1,Vitamin B2,Vitamin B3,Vitamin B5,Vitamin B6,Vitamin B7,Vitamin B9,Vitamin B12,Vitamin C,Vitamin D,Vitamin E,Vitamin K,Calcium,Iron,Magnesium,Phosphorus,Potassium,Sodium,Zinc,Copper,Manganese,Selenium,Iodine,Alanine,Arginine,Asparagine,Aspartic Acid,Cysteine,Glutamic Acid,Glutamine,Glycine,Histidine,Isoleucine,Leucine,Lysine,Methionine,Phenylalanine,Proline,Serine,Threonine,Tryptophan,Tyrosine,Valine,Saturated Fatty Acids,Monounsaturated Fatty Acids,Polyunsaturated Fatty Acids,Omega-3 Fatty Acids,Omega-6 Fatty Acids,Trans Fatty Acids,Flavonoids,Carotenoids,Polyphenols,Glucosinolates,Phytosterols,Glucose,Fructose,Sucrose,Citric Acid,Lactic Acid,Fiber,Cholesterol,Antioxidants,Probiotics,Prebiotics,Water,Alcohol,Caffeine,Theobromine,Tannins,Lectins,Phytic Acid,Oxalates
93a383c6-a7f7-4aaf-8eb3-6744116f287f,Strawberry,Fruit,Berries,7.7,0.7,0.3,2.0,0.02,0.02,0.4,0.3,0.1,0.4,17.0,0.0,58.8,0.0,0.3,2.2,16.0,0.4,13.0,24.0,153.0,1.0,0.1,0.1,0.3,0.0,0.0,23.0,23.0,36.0,42.0,0.0,59.0,16.0,22.0,8.0,10.0,20.0,16.0,2.0,15.0,24.0,22.0,14.0,1.0,12.0,13.0,0.02,0.02,0.15,0.04,0.11,0.0,0.0,0.0,0.0,0.0,0.0,2.0,2.6,3.0,0.0,0.0,2.0,0.0,0.0,0.0,0.0,91.0,0.0,0.0,0.0,0.0,0.0,0.0,0.0
7ec73f94-8350-4709-8e04-fd67b0ac1670,Blueberry,Fruit,Berries,14.5,0.7,0.3,54.0,0.03,0.04,0.4,0.2,0.1,0.0,6.0,0.0,9.7,0.0,0.6,19.3,6.0,0.3,6.0,12.0,77.0,1.0,0.2,0.1,0.5,0.0,0.0,25.0,27.0,37.0,43.0,0.0,55.0,17.0,23.0,8.0,12.0,19.0,15.0,2.0,14.0,20.0,21.0,13.0,1.0,11.0,14.0,0.03,0.04,0.2,0.1,0.1,0.0,0.0,0.0,0.0,0.0,0.0,6.8,6.8,0.8,0.3,0.0,2.4,0.0,0.0,0.0,0.0,84.0,0.0,0.0,0.0,0.0,0.0,0.0,0.0
58d45e02-7622-4929-a28e-49ecd686fda1,Raspberry,Fruit,Berries,11.9,1.2,0.7,0.0,0.02,0.03,0.5,0.2,0.1,0.0,21.0,0.0,26.2,0.0,0.3,7.8,25.0,0.7,22.0,29.0,151.0,1.0,0.3,0.1,0.7,0.0,0.0,24.0,26.0,34.0,43.0,0.0,60.0,17.0,23.0,8.0,12.0,21.0,17.0,2.0,15.0,25.0,22.0,14.0,1.0,11.0,13.0,0.02,0.04,0.2,0.1,0.1,0.0,0.0,0.0,0.0,0.0,0.0,4.8,4.6,1.8,0.3,0.0,6.5,0.0,0.0,0.0,0.0,86.0,0.0,0.0,0.0,0.0,0.0,0.0,0.0
4ef7f93e-0965-45da-9c29-b9b736ff4dc0,Orange,Fruit,Citrus Fruits,11.8,0.9,0.1,225.0,0.1,0.1,0.4,0.3,0.1,0.0,30.0,0.0,53.2,0.0,0.2,0.0,40.0,0.1,10.0,14.0,181.0,0.0,0.1,40.0,0.1,0.0,0.0,0.0,0.0,0.0,0.0,0.0,0.0,0.0,0.0,0.0,0.0,0.0,0.0,0.0,0.0,0.0,0.0,0.0,0.0,0.0,0.0,0.01,0.01,0.04,0.0,0.04,0.0,0.3,200.0,1.2,0.0,0.0,2.0,2.4,5.5,1.5,0.0,2.4,0.0,0.1,0.0,0.0,86.7,0.0,0.0,0.0,0.0,0.0,0.0,0.0
a128309d-ff09-46ba-94f4-639bd85ea2d5,Lime,Fruit,Citrus Fruits,7.0,0.6,0.3,50.0,0.04,0.02,0.2,0.1,0.05,0.0,0.0,0.0,29.1,0.0,0.1,0.0,33.0,0.6,10.0,18.0,102.0,2.0,0.1,40.0,0.1,0.0,0.0,0.0,0.0,0.0,0.0,0.0,0.0,0.0,0.0,0.0,0.0,0.0,0.0,0.0,0.0,0.0,0.0,0.0,0.0,0.0,0.0,0.03,0.03,0.07,0.0,0.07,0.0,0.2,40.0,0.5,0.0,0.0,1.2,1.7,4.1,1.2,0.0,2.8,0.0,0.1,0.0,0.0,88.0,0.0,0.0,0.0,0.0,0.0,0.0,0.0
316c93e0-da5c-41b3-b385-cf98600c73e4,Mandarin,Fruit,Citrus Fruits,8.6,0.8,0.3,600.0,0.1,0.1,0.4,0.3,0.1,0.0,20.0,0.0,26.7,0.0,0.2,0.0,37.0,0.1,10.0,13.0,166.0,0.0,0.1,40.0,0.1,0.0,0.0,0.0,0.0,0.0,0.0,0.0,0.0,0.0,0.0,0.0,0.0,0.0,0.0,0.0,0.0,0.0,0.0,0.0,0.0,0.0,0.0,0.03,0.02,0.08,0.0,0.08,0.0,0.3,300.0,1.5,0.0,0.0,1.5,1.8,5.3,1.0,0.0,2.0,0.0,0.2,0.0,0.0,86.0,0.0,0.0,0.0,0.0,0.0,0.0,0.0
528c2150-febf-49ce-b089-cd3b8bede50a,Banana,Fruit,Tropical Fruits,22.84,1.09,0.33,64.0,0.031,0.073,0.665,0.334,0.367,3.0,20.0,0.0,8.7,0.0,0.12,0.5,5.0,0.26,27.0,34.0,358.0,1.0,0.15,0.078,0.27,1.0,2.0,0.06,0.066,0.15,0.42,0.022,0.57,0.061,0.041,0.033,0.052,0.085,0.071,0.026,0.053,0.05,0.075,0.042,0.01,0.045,0.059,0.112,0.08,0.07,0.032,0.038,0.0,0.1,112.0,0.3,0.0,0.05,12.23,9.29,1.73,0.17,0.05,2.6,0.0,0.5,0.0,0.5,74.94,0.0,0.0,0.0,0.0,0.0,0.0,0.0
b7723ebb-f410-450b-bf5d-185408ed05c2,Mango,Fruit,Tropical Fruits,14.98,0.82,0.38,54.0,0.058,0.057,0.669,0.202,0.119,0.0,43.0,0.0,36.4,0.0,0.9,4.2,11.0,0.16,10.0,34.0,168.0,1.0,0.16,0.09,0.09,0.6,1.0,0.037,0.028,0.084,0.111,0.01,0.233,0.026,0.029,0.013,0.018,0.027,0.029,0.012,0.02,0.018,0.029,0.017,0.008,0.02,0.02,0.092,0.091,0.037,0.016,0.021,0.0,2.5,275.0,0.6,0.0,0.02,8.99,4.66,2.64,0.58,0.03,1.6,0.0,0.8,0.0,0.3,82.44,0.0,0.0,0.0,0.0,0.0,0.0,0.0
9f3e0cd5-076a-464c-8e56-eb54e2b9f015,Pineapple,Fruit,Tropical Fruits,13.12,0.54,0.12,3.0,0.079,0.039,0.5,0.205,0.112,0.0,18.0,0.0,47.8,0.0,0.02,0.7,13.0,0.29,12.0,8.0,109.0,1.0,0.12,0.11,0.9,0.1,2.0,0.029,0.028,0.06,0.079,0.019,0.121,0.028,0.025,0.013,0.021,0.029,0.024,0.012,0.016,0.018,0.026,0.016,0.007,0.014,0.022,0.089,0.026,0.011,0.004,0.007,0.0,1.2,0.0,0.4,0.0,0.02,9.0,7.65,2.11,0.9,0.05,1.4,0.0,0.7,0.0,0.2,86.0,0.0,0.0,0.0,0.0,0.0,0.0,0.0
a3575723-20b1-4f57-93d6-377de5789087,Guava,Fruit,Tropical Fruits,14.32,2.55,0.95,624.0,0.067,0.04,1.082,0.368,0.11,0.0,49.0,0.0,228.2,0.0,0.73,2.6,18.0,0.93,22.0,34.0,417.0,2.0,0.23,0.225,0.43,0.0,0.0,118.0,118.0,139.0,232.0,13.0,342.0,0.0,0.0,62.0,105.0,172.0,117.0,0.0,123.0,0.0,155.0,104.0,0.0,0.0,142.0,0.14,0.42,0.18,0.07,0.11,0.0,0.0,520.0,0.0,0.0,0.0,5.4,6.7,1.8,0.0,0.0,5.4,0.0,0.0,0.0,0.0,83.0,0.0,0.0,0.0,0.0,0.0,0.0,0.0
0d2da7da-a1df-450b-96cc-a7b695ae90dc,Kiwi,Fruit,Tropical Fruits,14.66,1.14,0.52,0.0,0.027,0.025,0.341,0.197,0.098,0.0,17.0,0.0,92.7,0.0,1.46,40.3,34.0,0.31,17.0,34.0,312.0,3.0,0.14,0.08,0.098,0.0,0.0,34.0,49.0,77.0,91.0,0.0,118.0,0.0,0.0,26.0,37.0,50.0,45.0,0.0,43.0,0.0,48.0,36.0,0.0,0.0,44.0,0.08,0.03,0.37,0.05,0.32,0.0,0.0,0.0,0.0,0.0,0.0,5.4,5.7,3.2,0.0,0.0,3.0,0.0,0.0,0.0,0.0,83.0,0.0,0.0,0.0,0.0,0.0,0.0,0.0
9a78c7bc-c85c-4945-b02d-1bf366e908e8,Peach,Fruit,Drupes Fruits,9.5,0.9,0.2,489.0,0.03,0.02,0.8,0.3,0.03,0.0,5.0,0.0,6.6,0.0,0.73,2.9,6.0,0.2,9.0,15.0,190.0,0.0,0.1,0.1,0.06,0.0,0.0,0.02,0.02,0.05,0.04,0.01,0.07,0.03,0.01,0.02,0.02,0.04,0.03,0.01,0.02,0.02,0.02,0.02,0.01,0.02,0.03,0.03,0.02,0.1,0.02,0.08,0.0,0.0,2250.0,0.0,0.0,0.0,8.4,3.8,1.3,1.2,0.0,1.5,0.0,0.0,0.0,0.2,89.0,0.0,0.0,0.0,0.0,0.0,0.0,0.0
f42601d3-2a83-425d-8a92-6b55ac8fc1ad,Plum,Fruit,Drupes Fruits,11.4,0.7,0.2,345.0,0.03,0.02,0.6,0.2,0.03,0.0,5.0,0.0,9.5,0.0,0.3,6.4,7.0,0.2,10.0,17.0,157.0,0.0,0.1,0.1,0.06,0.0,0.0,0.02,0.02,0.05,0.04,0.01,0.07,0.03,0.01,0.02,0.02,0.04,0.03,0.01,0.02,0.02,0.02,0.02,0.01,0.02,0.03,0.03,0.02,0.1,0.02,0.08,0.0,0.0,1920.0,0.0,0.0,0.0,7.1,3.2,1.1,1.3,0.0,1.4,0.0,0.0,0.0,0.2,89.0,0.0,0.0,0.0,0.0,0.0,0.0,0.0
4616e33b-606a-497a-8426-0f2c2976ff7b,Apricot,Fruit,Drupes Fruits,11.1,0.5,0.1,192.0,0.05,0.06,0.6,0.1,0.07,0.0,17.0,0.0,10.0,0.0,0.1,3.3,13.0,0.4,10.0,16.0,259.0,1.0,0.1,0.1,0.1,0.0,0.0,0.03,0.05,0.06,0.1,0.0,0.1,0.0,0.02,0.02,0.03,0.05,0.05,0.0,0.03,0.03,0.04,0.02,0.01,0.02,0.04,0.01,0.03,0.01,0.01,0.01,0.0,0.5,1200.0,5.0,0.0,0.0,1.5,2.0,6.0,0.5,0.0,2.0,0.0,0.5,0.0,0.0,86.0,0.0,0.0,0.0,0.0,0.0,0.0,0.0
565c09ab-43f5-4ba9-b1d8-d5d06ecad85c,Cherry,Fruit,Drupes Fruits,16.0,1.0,0.2,64.0,0.04,0.03,0.2,0.2,0.06,0.0,7.0,0.0,10.0,0.0,0.1,2.0,13.0,0.2,11.0,21.0,222.0,2.0,0.1,0.1,0.1,0.0,0.0,0.05,0.05,0.07,0.1,0.0,0.1,0.0,0.03,0.02,0.03,0.05,0.04,0.0,0.03,0.03,0.04,0.02,0.01,0.02,0.04,0.1,0.07,0.01,0.01,0.01,0.0,1.0,300.0,5.0,0.0,0.0,8.0,6.0,2.0,0.5,0.0,2.0,0.0,0.5,0.0,0.0,82.0,0.0,0.0,0.0,0.0,0.0,0.0,0.0
edcbf94c-60f4-44d9-b9ac-65ea0c35ec90,Watermelon,Fruit,Melons,7.55,0.61,0.15,569.0,0.033,0.021,0.098,0.255,0.045,0.0,3.0,0.0,8.1,0.0,0.1,2.7,7.0,0.28,10.0,11.0,112.0,1.0,0.1,0.04,0.05,0.0,0.0,0.054,0.057,0.05,0.108,0.016,0.158,0.01,0.042,0.016,0.028,0.037,0.038,0.02,0.032,0.032,0.042,0.026,0.014,0.023,0.037,0.014,0.016,0.011,0.002,0.008,0.0,0.2,4500.0,0.5,0.0,0.1,2.6,3.4,1.5,0.1,0.03,0.4,0.0,0.1,0.0,0.0,91.44,0.0,0.0,0.0,0.0,0.0,0.0,0.0
5991aba9-110d-4d05-9c23-39aeb093c340,Muskmelon,Fruit,Melons,8.16,0.84,0.19,169.0,0.037,0.027,0.336,0.25,0.073,0.0,30.0,0.0,36.7,0.0,0.05,2.5,9.0,0.21,12.0,12.0,267.0,2.0,0.07,0.04,0.09,0.0,0.0,0.058,0.069,0.057,0.12,0.017,0.162,0.012,0.046,0.02,0.03,0.039,0.042,0.023,0.034,0.034,0.045,0.028,0.016,0.027,0.04,0.042,0.051,0.02,0.001,0.019,0.0,0.3,3700.0,0.7,0.0,0.05,2.8,3.6,1.6,0.2,0.05,0.9,0.0,0.2,0.0,0.0,89.6,0.0,0.0,0.0,0.0,0.0,0.0,0.0
b06f8b9c-387e-4fe4-a2cf-6cb40ae95b34,Apple,Fruit,Pome Fruits,13.81,0.26,0.17,54.0,0.017,0.026,0.091,0.025,0.041,0.0,3.0,0.0,4.6,0.0,0.18,2.2,6.0,0.12,5.0,11.0,107.0,2.0,0.04,0.03,0.05,0.0,0.0,0.014,0.016,0.013,0.028,0.012,0.032,0.009,0.015,0.011,0.018,0.025,0.02,0.01,0.017,0.016,0.017,0.014,0.009,0.013,0.022,0.029,0.024,0.019,0.001,0.018,0.0,0.5,1000.0,1.0,0.0,0.01,2.4,5.9,0.5,0.5,0.01,2.4,0.0,0.5,0.0,0.1,85.56,0.0,0.0,0.0,0.0,0.0,0.0,0.0
b1b356a0-4644-4bd4-862c-24e1ee6aecda,Pear,Fruit,Pome Fruits,15.23,0.36,0.14,1.0,0.012,0.026,0.164,0.051,0.027,0.0,7.0,0.0,4.3,0.0,0.15,2.5,9.0,0.17,7.0,12.0,116.0,1.0,0.1,0.05,0.07,0.0,0.0,0.018,0.021,0.018,0.038,0.014,0.04,0.011,0.019,0.013,0.022,0.028,0.025,0.013,0.021,0.02,0.02,0.015,0.01,0.015,0.023,0.021,0.038,0.015,0.001,0.014,0.0,0.6,500.0,0.9,0.0,0.03,3.1,6.2,1.5,0.2,0.02,3.1,0.0,0.6,0.0,0.2,84.94,0.0,0.0,0.0,0.0,0.0,0.0,0.0
4db55000-d45c-4441-88fe-e73a40114290,Spinach,Vegetable,Leafy Greens,3.6,2.9,0.4,4696.0,0.078,0.189,0.54,0.144,0.195,0.5,194.0,0.0,28.1,0.0,2.03,483.0,99.0,2.71,79.0,49.0,558.0,79.0,0.53,0.13,0.897,1.0,0.0,91.0,146.0,137.0,229.0,40.0,464.0,0.0,45.0,43.0,59.0,79.0,82.0,24.0,60.0,54.0,80.0,45.0,10.0,38.0,68.0,0.07,0.06,0.23,0.1,0.13,0.0,8.0,5040.0,6.0,0.1,10.0,0.43,0.24,0.18,0.4,0.1,2.2,0.0,15.0,0.0,0.1,91.4,0.0,0.0,0.0,0.2,0.5,1.5,0.5
e242dec3-74f4-4671-82bf-1c4c9b6c8652,Kale,Vegetable,Leafy Greens,8.8,4.3,1.5,9990.0,0.113,0.347,1.18,0.091,0.271,0.5,141.0,0.0,120.0,0.0,0.85,705.0,254.0,1.6,33.0,55.0,348.0,53.0,0.39,81.0,0.79,0.9,0.0,50.0,118.0,80.0,170.0,32.0,260.0,0.0,40.0,30.0,42.0,70.0,64.0,20.0,50.0,45.0,60.0,40.0,10.0,30.0,50.0,0.12,0.05,0.13,0.1,0.03,0.0,5.0,0.0,5.0,0.5,0.5,0.2,0.1,0.2,0.2,0.1,2.2,0.0,20.0,0.0,0.1,91.0,0.0,0.0,0.0,1.0,0.5,0.5,0.6
4763d82d-49c6-45ec-b2b4-6fab190024a7,Lettuce,Vegetable,Leafy Greens,2.9,1.4,0.2,7404.0,0.07,0.08,0.375,0.14,0.042,2.5,38.0,0.0,9.2,0.0,0.22,102.0,35.0,0.86,13.0,29.0,194.0,28.0,0.18,29.0,0.14,0.6,0.0,38.0,26.0,11.0,72.0,12.0,118.0,0.0,25.0,10.0,20.0,36.0,33.0,10.0,26.0,19.0,20.0,23.0,4.0,20.0,26.0,0.02,0.01,0.1,0.1,0.02,0.0,3.6,269.0,2.9,0.1,0.4,0.5,0.2,0.3,0.4,0.1,1.3,0.0,12.0,0.0,0.1,95.6,0.0,0.0,0.0,0.6,0.1,0.1,0.2
33ee1b0b-ed33-477f-bdd9-dfc7965e8008,Broccoli,Vegetable,Cruciferous Vegetables,6.64,2.82,0.37,31.0,0.071,0.117,0.639,0.573,0.175,1.1,63.0,0.0,89.2,0.0,0.78,101.6,47.0,0.73,21.0,66.0,316.0,33.0,0.41,49.0,0.21,2.5,0.0,0.175,0.145,0.376,0.399,0.036,0.637,0.627,0.115,0.066,0.097,0.152,0.165,0.038,0.095,0.101,0.091,0.097,0.021,0.064,0.117,0.04,0.011,0.048,0.02,0.028,0.0,4.2,700.0,10.0,62.0,20.0,1.4,0.8,0.4,1.5,0.0,2.6,0.0,4.0,0.0,2.0,89.3,0.0,0.0,0.0,0.2,0.0,2.3,1.0
a6ca589e-b3d5-4755-940a-24d11c7eab2f,Cauliflower,Vegetable,Cruciferous Vegetables,5.3,1.92,0.28,0.0,0.05,0.06,0.507,0.667,0.184,0.2,57.0,0.0,48.2,0.0,0.08,15.5,22.0,0.42,15.0,44.0,299.0,30.0,0.27,39.0,0.155,0.6,2.0,104.0,113.0,236.0,236.0,22.0,389.0,389.0,87.0,43.0,81.0,116.0,117.0,34.0,75.0,85.0,87.0,76.0,27.0,49.0,109.0,0.064,0.011,0.032,0.026,0.006,0.0,1.0,1.0,14.5,31.6,18.0,1.15,1.29,0.39,123.0,0.0,2.0,0.0,120.0,0.0,0.3,92.06,0.0,0.0,0.0,0.05,0.3,0.3,15.0
ee545458-bf11-46bb-85e0-82457c470496,Cabbage,Vegetable,Cruciferous Vegetables,5.8,1.28,0.1,5.0,0.061,0.04,0.234,0.212,0.124,0.2,43.0,0.0,36.6,0.0,0.15,76.0,40.0,0.47,12.0,26.0,170.0,18.0,0.18,24.0,0.16,0.3,0.9,0.063,0.07,0.093,0.201,0.015,0.254,0.085,0.051,0.029,0.057,0.095,0.082,0.021,0.064,0.072,0.061,0.05,0.015,0.049,0.064,0.034,0.013,0.052,0.016,0.036,0.0,0.16,0.01,0.7,20.0,9.0,2.0,1.9,0.5,13.0,1.0,2.5,0.0,1.2,0.0,3.0,92.2,0.0,0.0,0.0,0.5,3.8,2.7,12.0
7874e249-b2ca-4b88-a478-2a0f578d7e15,Green Peas,Vegetable,Legumes,14.5,5.4,0.4,765.0,0.6,0.1,2.0,0.3,0.1,0.0,68.0,0.0,40.0,0.0,0.6,24.8,25.0,1.5,33.0,68.0,244.0,2.0,0.8,0.2,0.4,0.0,0.0,0.4,0.5,0.8,0.8,0.1,1.5,0.7,0.4,0.2,0.3,0.5,0.5,0.2,0.3,0.5,0.4,0.3,0.1,0.2,0.3,0.1,0.1,0.2,0.1,0.1,0.0,1.0,500.0,5.0,2.0,0.2,2.5,2.0,3.0,0.5,0.2,5.0,0.0,1.5,0.0,1.0,79.0,0.0,0.0,0.0,0.5,0.2,0.4,1.0
d1f72e8a-27b4-4e76-83ee-2f81d30f40fb,Lentils,Vegetable,Legumes,20.1,9.0,0.4,8.0,0.9,0.2,1.5,0.5,0.5,0.0,181.0,0.0,1.5,0.0,0.2,0.0,19.0,3.0,36.0,281.0,369.0,6.0,1.3,0.5,0.8,0.0,0.0,0.4,1.2,0.8,1.1,0.1,1.5,0.6,0.3,0.3,0.4,0.8,0.8,0.1,0.5,0.4,0.4,0.3,0.1,0.2,0.4,0.1,0.1,0.2,0.1,0.1,0.0,0.8,200.0,4.0,1.5,0.2,1.0,0.8,1.5,0.4,0.1,8.0,0.0,2.0,0.0,2.0,10.0,0.0,0.0,0.0,0.8,1.0,0.6,1.0
f22ba06a-0a0d-48b9-bba9-69de209d8d34,Chickpeas,Vegetable,Legumes,27.4,8.9,2.6,0.0,0.4,0.2,1.3,0.3,0.3,0.0,282.0,0.0,2.0,0.0,0.3,0.0,49.0,2.9,48.0,168.0,291.0,7.0,1.5,0.4,0.9,0.0,0.0,0.4,1.0,0.9,1.1,0.1,1.5,0.6,0.3,0.3,0.4,0.7,0.7,0.2,0.5,0.4,0.4,0.3,0.1,0.2,0.4,0.3,0.6,1.2,0.1,1.1,0.0,0.9,50.0,3.0,1.0,0.3,2.0,1.5,2.5,0.3,0.1,8.0,0.0,2.5,0.0,2.0,10.0,0.0,0.0,0.0,0.6,1.2,0.7,1.0
c0c10e07-7053-4945-a094-4762612bd17d,Kidney Beans,Vegetable,Legumes,22.8,8.7,0.5,0.0,0.3,0.2,0.6,0.3,0.2,0.0,140.0,0.0,1.0,0.0,0.2,0.0,28.0,2.9,45.0,197.0,265.0,2.0,1.1,0.3,0.6,0.0,0.0,0.4,1.1,0.8,1.1,0.1,1.6,0.7,0.3,0.3,0.4,0.8,0.7,0.2,0.5,0.4,0.4,0.3,0.1,0.2,0.4,0.1,0.1,0.3,0.1,0.2,0.0,0.7,50.0,2.5,1.0,0.2,1.5,1.2,2.0,0.3,0.1,6.0,0.0,2.0,0.0,1.5,10.0,0.0,0.0,0.0,0.7,1.0,0.5,1.0
0f4aabdf-9426-4ee4-a906-5964c9c78efe,Carrots,Vegetable,Root Vegetables,9.6,0.9,0.2,835.0,0.066,0.058,0.983,0.273,0.138,1.1,19.0,0.0,5.9,0.0,0.66,13.2,33.0,0.3,12.0,35.0,320.0,69.0,0.24,45.0,0.143,0.1,0.2,30.0,38.0,47.0,60.0,15.0,71.0,0.0,32.0,17.0,30.0,50.0,50.0,17.0,40.0,30.0,30.0,30.0,8.0,30.0,50.0,0.03,0.01,0.12,0.02,0.1,0.0,1.5,8290.0,2.0,0.0,4.0,4.5,1.5,3.6,45.0,0.0,2.8,0.0,5.0,0.0,1.5,88.3,0.0,0.0,0.0,0.2,0.0,2.0,3.0
fd1acfdd-a8b7-4700-9366-3ca649ce5250,Sweet Potatoes,Vegetable,Root Vegetables,20.1,1.6,0.1,1920.0,0.08,0.03,0.6,0.76,0.3,0.0,14.0,0.0,2.4,0.0,0.26,2.8,30.0,0.6,25.0,34.0,337.0,55.0,0.3,0.1,0.3,0.7,0.0,29.0,20.0,25.0,27.0,4.0,47.0,1.0,15.0,13.0,14.0,23.0,15.0,3.0,20.0,16.0,20.0,14.0,4.0,12.0,19.0,0.03,0.01,0.1,0.03,0.07,0.0,2.0,7000.0,2.5,0.0,1.0,4.2,3.1,4.0,0.0,0.0,3.0,0.0,12.0,0.0,1.0,77.3,0.0,0.0,0.0,0.2,0.0,0.5,10.0
400760c4-b466-4e7e-bb17-2f25665f9d56,Beets,Vegetable,Root Vegetables,9.56,1.61,0.17,2.0,0.031,0.04,0.334,0.155,0.067,0.2,109.0,0.0,4.9,0.0,0.04,0.2,16.0,0.8,23.0,40.0,325.0,78.0,0.35,0.075,0.329,0.7,2.0,0.071,0.086,0.128,0.162,0.015,0.302,0.086,0.06,0.034,0.046,0.081,0.085,0.017,0.056,0.05,0.056,0.049,0.015,0.038,0.059,0.027,0.032,0.058,0.014,0.043,0.0,0.5,20.0,0.5,10.0,9.0,6.76,0.96,0.88,13.0,1.0,2.8,0.0,1.2,0.0,3.0,87.56,0.0,0.0,0.0,0.5,4.0,3.0,33.0
81f45374-91cc-45e8-96c5-20551dcfcbad,Radishes,Vegetable,Root Vegetables,3.4,0.68,0.1,7.0,0.012,0.039,0.254,0.165,0.071,0.2,25.0,0.0,14.8,0.0,0.11,1.3,25.0,0.34,10.0,20.0,233.0,39.0,0.28,0.05,0.069,0.6,3.0,0.014,0.015,0.016,0.02,0.002,0.029,0.01,0.011,0.005,0.011,0.014,0.011,0.004,0.013,0.014,0.012,0.01,0.003,0.009,0.014,0.017,0.013,0.047,0.02,0.02,0.0,0.25,0.01,0.7,14.0,7.0,1.86,1.1,0.3,4.0,1.0,1.6,0.0,1.0,0.0,2.0,95.25,0.0,0.0,0.0,0.5,2.8,1.9,8.0
4c9e0413-6a67-462d-b3ad-d7c4c4829ff5,Potatoes,Vegetable,Tubers,17.48,2.05,0.1,2.0,0.08,0.03,1.06,0.3,0.3,2.4,15.0,0.0,19.7,0.0,0.01,1.9,10.0,0.73,23.0,57.0,425.0,6.0,0.33,110.0,0.15,0.3,0.0,64.0,69.0,105.0,208.0,23.0,248.0,0.0,56.0,36.0,65.0,95.0,94.0,24.0,56.0,52.0,66.0,58.0,16.0,47.0,88.0,0.03,0.002,0.043,0.002,0.041,0.0,3.0,4.0,6.0,0.0,7.0,0.8,0.6,0.4,50.0,0.0,2.2,0.0,100.0,0.0,1.0,79.3,0.0,0.0,0.0,1.5,5.0,10.0,10.0
361ee3cd-7945-4b3c-802c-a201280846aa,Yams,Vegetable,Tubers,27.9,1.5,0.2,0.0,0.12,0.02,0.82,0.14,0.29,0.0,18.0,0.0,17.0,0.0,0.18,0.0,17.0,0.56,21.0,34.0,816.0,9.0,0.23,0.26,0.32,0.7,0.0,64.0,55.0,90.0,172.0,14.0,198.0,0.0,48.0,20.0,41.0,67.0,51.0,14.0,36.0,38.0,47.0,35.0,10.0,32.0,45.0,0.06,0.04,0.1,0.01,0.09,0.0,1.0,25.0,5.0,0.0,6.0,0.8,0.6,0.4,60.0,3.0,4.0,0.0,100.0,0.0,2.5,73.0,0.0,0.0,0.0,1.5,5.0,10.0,10.0
b2806be4-18c7-4934-acd8-a853078e7ff9,Cassava,Vegetable,Tubers,38.06,1.36,0.28,13.0,0.087,0.048,0.854,0.107,0.088,0.4,27.0,0.0,20.6,0.0,0.19,1.9,16.0,0.27,21.0,27.0,271.0,14.0,0.34,0.1,0.384,0.9,1.0,0.047,0.072,0.065,0.123,0.017,0.177,0.07,0.059,0.023,0.036,0.063,0.056,0.021,0.045,0.058,0.047,0.039,0.01,0.036,0.056,0.074,0.049,0.058,0.02,0.04,0.0,0.3,11.0,0.6,2.0,5.0,0.9,0.1,1.7,10.0,1.0,1.8,0.0,1.1,0.0,3.0,59.7,0.0,0.0,0.0,0.5,3.5,2.1,50.0
c3a63c78-4190-4081-b979-989cc529a28b,Butternut Squash,Vegetable,Squash and Gourds,12.0,1.0,0.1,10600.0,0.08,0.06,0.6,0.4,0.2,0.0,60.0,0.0,20.0,0.0,1.0,1.0,84.0,0.7,34.0,34.0,284.0,2.0,0.3,60.0,0.2,0.0,0.0,23.0,22.0,36.0,48.0,8.0,55.0,0.0,20.0,10.0,22.0,34.0,18.0,7.0,20.0,23.0,24.0,18.0,7.0,10.0,22.0,0.02,0.05,0.02,0.01,0.02,0.0,0.0,13000.0,0.0,0.0,1.0,0.0,0.0,1.5,0.0,0.0,2.0,0.0,0.0,0.0,0.0,91.0,0.0,0.0,0.0,0.0,0.0,0.0,0.0
08531fe3-d0d4-4db0-8a41-c6d21bb1e968,Zucchini,Vegetable,Squash and Gourds,3.1,1.2,0.3,20.0,0.03,0.04,0.3,0.2,0.1,0.0,10.0,0.0,17.0,0.0,0.12,2.0,16.0,0.28,17.0,26.0,261.0,2.0,0.2,40.0,0.1,0.0,0.0,19.0,17.0,25.0,31.0,5.0,41.0,0.0,14.0,8.0,14.0,21.0,12.0,5.0,14.0,17.0,18.0,12.0,5.0,8.0,15.0,0.05,0.07,0.1,0.02,0.07,0.0,0.0,300.0,0.0,0.0,0.5,0.0,0.0,1.1,0.0,0.0,1.0,0.0,0.0,0.0,0.0,93.0,0.0,0.0,0.0,0.0,0.0,0.0,0.0
8d4df75a-d095-4b03-95dc-e9795b555d56,Pumpkin,Vegetable,Squash and Gourds,6.5,1.0,0.1,4260.0,0.03,0.03,0.6,0.4,0.1,0.0,16.0,0.0,9.0,0.0,0.3,1.0,34.0,0.8,12.0,34.0,340.0,1.0,0.3,40.0,0.1,0.0,0.0,19.0,17.0,25.0,31.0,5.0,41.0,0.0,14.0,8.0,14.0,21.0,12.0,5.0,14.0,17.0,18.0,12.0,5.0,8.0,15.0,0.02,0.07,0.04,0.02,0.02,0.0,0.0,0.0,0.0,0.0,0.2,0.0,0.0,2.0,0.0,0.0,0.5,0.0,0.0,0.0,0.0,92.0,0.0,0.0,0.0,0.0,0.0,0.0,0.0
8dbca07e-183b-437e-ad30-2fbbf52d0ed2,Cucumber,Vegetable,Squash and Gourds,3.63,0.65,0.11,105.0,0.027,0.033,0.098,0.259,0.04,0.9,7.0,0.0,2.8,0.0,0.03,16.4,16.0,0.28,13.0,24.0,147.0,2.0,0.2,0.042,0.079,0.3,1.0,0.01,0.012,0.011,0.025,0.002,0.043,0.011,0.01,0.004,0.009,0.012,0.013,0.003,0.011,0.009,0.012,0.01,0.003,0.007,0.01,0.037,0.02,0.026,0.007,0.015,0.0,0.4,12.0,0.5,1.0,7.0,1.67,0.87,0.09,1.0,1.0,0.5,0.0,1.0,0.0,1.5,95.25,0.0,0.0,0.0,0.4,0.1,1.2,1.5
6ba2390e-4378-4297-8feb-37171fb3f5e7,Tomatoes,Vegetable,Nightshades,3.9,0.9,0.2,833.0,0.037,0.037,0.594,0.251,0.08,0.0,15.0,0.0,14.0,0.0,0.54,7.9,18.0,0.5,11.0,24.0,237.0,5.0,0.2,0.08,0.08,0.0,0.0,0.05,0.08,0.05,0.1,0.01,0.2,0.07,0.05,0.03,0.03,0.05,0.04,0.02,0.04,0.05,0.05,0.03,0.01,0.02,0.04,0.03,0.03,0.05,0.03,0.02,0.0,0.3,2000.0,2.3,0.0,0.5,1.3,1.9,0.8,0.2,0.1,1.2,0.0,2.3,0.0,0.1,95.0,0.0,0.0,0.0,0.0,0.1,0.0,0.1
0b185969-2365-4e7b-a1c6-34f109724be8,Bell Peppers,Vegetable,Nightshades,6.0,0.9,0.2,3132.0,0.07,0.1,1.0,0.4,0.3,0.0,46.0,0.0,128.0,0.0,1.0,4.8,10.0,0.5,10.0,20.0,211.0,2.0,0.2,0.1,0.1,0.0,0.0,0.05,0.07,0.05,0.1,0.01,0.2,0.06,0.05,0.03,0.03,0.05,0.04,0.02,0.04,0.05,0.05,0.03,0.01,0.02,0.04,0.03,0.02,0.1,0.02,0.08,0.0,1.0,2000.0,4.5,0.0,0.4,2.0,3.2,0.7,0.3,0.2,2.1,0.0,4.5,0.0,0.2,93.0,0.0,0.0,0.0,0.1,0.1,0.0,0.1
4fa37020-3e82-4a13-b62a-befc0d21461a,Eggplants,Vegetable,Nightshades,5.9,1.0,0.2,23.0,0.03,0.03,0.3,0.2,0.1,0.0,22.0,0.0,2.2,0.0,0.3,3.1,9.0,0.2,14.0,24.0,230.0,2.0,0.2,0.08,0.1,0.0,0.0,0.05,0.07,0.04,0.1,0.01,0.2,0.06,0.05,0.03,0.03,0.05,0.04,0.02,0.04,0.05,0.05,0.03,0.01,0.02,0.04,0.03,0.02,0.1,0.01,0.08,0.0,0.2,1000.0,1.5,0.0,0.3,1.0,1.5,0.5,0.1,0.1,3.0,0.0,1.5,0.0,0.3,92.0,0.0,0.0,0.0,0.1,0.1,0.0,0.2
f5b6582a-f6d5-40d9-a7aa-4bc84b092d25,Garlic,Vegetable,Alliums,33.06,6.36,0.5,0.0,0.2,0.11,0.7,0.596,1.235,0.9,3.0,0.0,31.2,0.0,0.08,1.7,181.0,1.7,25.0,153.0,401.0,17.0,1.16,0.299,1.672,14.2,1.0,0.275,0.634,0.287,0.6,0.148,0.695,0.287,0.274,0.134,0.159,0.262,0.273,0.046,0.174,0.206,0.182,0.123,0.036,0.074,0.181,0.089,0.011,0.25,0.02,0.23,0.0,0.5,1.0,1.0,0.0,6.0,1.0,0.5,0.1,1.0,1.0,2.1,0.0,2.0,0.0,5.0,58.6,0.0,0.0,0.0,0.5,0.0,0.0,1.0
1d48065a-0d3f-49d3-a0b0-a98466e67635,Onion,Vegetable,Alliums,9.34,1.1,0.1,0.0,0.046,0.027,0.116,0.123,0.12,0.8,19.0,0.0,7.4,0.0,0.02,0.4,23.0,0.21,10.0,29.0,146.0,4.0,0.17,0.039,0.129,0.5,1.0,0.03,0.043,0.037,0.083,0.008,0.1,0.037,0.029,0.011,0.03,0.035,0.037,0.008,0.027,0.03,0.038,0.027,0.008,0.018,0.034,0.029,0.013,0.017,0.003,0.014,0.0,2.0,1.0,2.5,0.5,15.0,4.95,4.95,0.99,2.0,1.0,1.7,0.0,2.5,0.0,3.0,89.1,0.0,0.0,0.0,2.0,0.1,0.0,1.0
830e9879-04f7-4c06-a351-b386374a5671,Chives,Vegetable,Alliums,4.35,3.27,0.73,218.0,0.078,0.115,0.647,0.324,0.138,1.0,105.0,0.0,58.1,0.0,0.21,212.8,92.0,1.6,42.0,58.0,296.0,3.0,0.56,0.157,0.373,0.9,1.0,0.15,0.175,0.096,0.202,0.021,0.203,0.096,0.099,0.044,0.093,0.139,0.106,0.035,0.1,0.084,0.106,0.072,0.02,0.043,0.116,0.121,0.111,0.227,0.12,0.105,0.0,4.5,4.0,3.0,0.0,12.0,0.67,0.53,0.1,1.0,1.0,2.5,0.0,4.0,0.0,4.0,89.1,0.0,0.0,0.0,1.0,0.1,0.0,1.0
947da7ca-93d5-4958-b11e-ff1d3687f9b6,Celery,Vegetable,Stems,3.0,0.7,0.2,22.0,0.02,0.06,0.32,0.246,0.074,0.5,36.0,0.0,3.1,0.0,0.27,29.3,40.0,0.2,11.0,24.0,260.0,80.0,0.13,35.0,0.103,0.4,0.4,0.041,0.03,0.1,0.2,0.005,0.02,0.15,0.01,0.012,0.024,0.036,0.041,0.01,0.022,0.014,0.016,0.023,0.012,0.01,0.03,0.042,0.037,0.079,0.003,0.076,0.0,0.1,28.0,2.0,0.5,1.3,1.34,0.74,0.05,4.0,0.5,1.6,0.0,2.0,0.0,1.6,95.0,0.0,0.0,0.0,0.5,0.05,0.05,50.0
320a65d8-5d0a-45f2-acbf-6fbb6d60647a,Asparagus,Vegetable,Stems,3.9,2.2,0.1,756.0,0.143,0.141,1.14,0.274,0.091,2.5,52.0,0.0,5.6,0.0,1.1,41.6,24.0,2.14,14.0,52.0,202.0,2.0,0.54,0.189,0.158,2.3,1.0,0.104,0.171,0.4,0.3,0.005,0.3,0.35,0.05,0.027,0.059,0.084,0.084,0.02,0.048,0.035,0.036,0.044,0.03,0.022,0.052,0.042,0.037,0.079,0.003,0.076,0.0,0.2,100.0,5.0,1.0,1.8,1.8,0.8,0.2,4.0,0.5,2.1,0.0,3.0,0.0,2.1,92.8,0.0,0.0,0.0,1.0,0.2,0.1,10.0
a809709a-0ada-49fb-80f9-cffa193ce5a0,Fennel,Vegetable,Stems,7.3,1.2,0.2,838.0,0.01,0.032,0.64,0.232,0.047,0.5,27.0,0.0,12.0,0.0,0.58,62.8,49.0,0.73,17.0,50.0,414.0,52.0,0.2,66.0,0.191,0.7,0.7,0.037,0.04,0.2,0.2,0.01,0.02,0.25,0.01,0.012,0.03,0.06,0.05,0.01,0.04,0.014,0.016,0.023,0.02,0.016,0.04,0.027,0.017,0.068,0.001,0.067,0.0,0.2,100.0,5.0,1.0,1.8,3.6,2.7,0.8,4.0,0.5,3.1,0.0,3.0,0.0,3.1,90.2,0.0,0.0,0.0,1.0,0.2,0.1,10.0
efd631d5-5dc9-4012-9470-851a592c9db6,Basil,Vegetable,Herbs,2.65,3.15,0.64,2630.0,0.034,0.076,0.727,0.223,0.091,0.0,68.0,0.0,18.0,0.0,0.64,621.0,177.0,3.17,64.0,34.0,295.0,4.0,0.81,0.155,1.21,0.7,0.0,0.0,0.0,0.0,0.0,0.0,0.0,0.0,0.0,0.0,0.0,0.0,0.0,0.0,0.0,0.0,0.0,0.0,0.0,0.0,0.0,0.09,0.13,0.23,0.0,0.23,0.0,0.0,0.0,0.0,0.0,0.0,0.0,0.0,0.0,0.0,0.0,1.6,0.0,0.0,0.0,0.0,92.0,0.0,0.0,0.0,0.0,0.0,0.0,0.0
2480dd91-ec97-4122-a36e-59f03b26a334,Cilantro,Vegetable,Herbs,3.67,2.13,0.52,6748.0,0.067,0.29,1.5,0.547,0.07,0.0,62.0,0.0,27.0,0.0,2.5,310.0,67.0,1.77,26.0,48.0,521.0,2.0,0.29,0.11,0.404,0.0,0.0,0.0,0.0,0.0,0.0,0.0,0.0,0.0,0.0,0.0,0.0,0.0,0.0,0.0,0.0,0.0,0.0,0.0,0.0,0.0,0.0,0.14,0.13,0.24,0.0,0.24,0.0,0.0,0.0,0.0,0.0,0.0,0.0,0.0,0.0,0.0,0.0,2.8,0.0,0.0,0.0,0.0,92.0,0.0,0.0,0.0,0.0,0.0,0.0,0.0
f18e71de-9be7-4820-a515-e2a7589aa2e7,Parsley,Vegetable,Herbs,6.3,2.97,0.79,8424.0,0.09,0.16,1.31,0.4,0.09,6.0,152.0,0.0,133.0,0.0,0.75,1640.0,138.0,6.2,50.0,58.0,554.0,56.0,1.07,149.0,1.51,0.1,0.0,0.15,0.18,0.27,0.38,0.05,0.43,0.32,0.15,0.05,0.11,0.17,0.14,0.04,0.13,0.12,0.14,0.09,0.02,0.06,0.13,0.13,0.39,0.36,0.09,0.27,0.0,104.0,10220.0,26.1,0.0,32.0,0.85,0.61,0.04,4.0,0.0,3.3,0.0,114.0,0.0,3.3,87.7,0.0,0.0,0.0,6.4,4.3,1.2,10.0
76916402-66ee-4b93-8656-1aeedca82243,Mint,Vegetable,Herbs,14.89,3.75,0.94,2124.0,0.08,0.26,1.71,0.25,0.16,6.0,114.0,0.0,31.8,0.0,0.87,424.8,199.0,5.08,63.0,60.0,458.0,31.0,1.09,329.0,1.18,0.6,0.0,0.19,0.19,0.3,0.34,0.08,0.44,0.35,0.18,0.05,0.12,0.18,0.16,0.06,0.14,0.14,0.14,0.09,0.04,0.08,0.12,0.24,0.23,0.48,0.32,0.16,0.0,140.0,2092.0,30.4,0.0,20.0,0.49,0.53,0.04,4.1,0.0,8.0,0.0,142.0,0.0,8.0,78.6,0.0,0.0,0.0,8.4,5.3,1.5,12.0
72afd50c-cd56-4b94-a693-d98e9931d8fe,Thyme,Vegetable,Herbs,24.45,5.56,1.68,4750.0,0.51,0.48,1.82,0.41,0.35,7.0,45.0,0.0,160.1,0.0,0.42,1714.0,405.0,17.45,160.0,106.0,609.0,55.0,1.81,555.0,1.71,4.6,0.0,0.27,0.27,0.37,0.49,0.11,0.57,0.45,0.25,0.09,0.15,0.22,0.18,0.07,0.17,0.23,0.2,0.14,0.05,0.1,0.16,0.35,0.24,0.42,0.19,0.23,0.0,125.0,3844.0,28.6,0.0,30.0,0.67,0.35,0.13,5.5,0.0,14.6,0.0,130.0,0.0,14.6,66.1,0.0,0.0,0.0,11.1,7.2,1.8,10.0
32d0b5e3-a7a1-4656-a566-6c562603311c,Rosemary,Vegetable,Herbs,20.7,3.31,5.9,217.0,0.08,0.28,0.77,0.16,0.13,5.0,73.0,0.0,21.8,0.0,1.6,37.8,317.0,6.8,91.0,34.0,668.0,10.0,0.92,230.0,1.3,0.6,0.0,0.25,0.21,0.27,0.38,0.07,0.44,0.36,0.2,0.07,0.13,0.22,0.16,0.06,0.15,0.22,0.16,0.11,0.05,0.09,0.13,0.82,0.82,0.83,0.1,0.73,0.0,50.0,1370.0,15.7,0.0,25.0,0.35,0.47,0.06,6.0,0.0,14.0,0.0,50.0,0.0,14.0,66.0,0.0,0.0,0.0,5.0,4.0,2.0,8.0
ee5bc076-a7e8-47c8-a738-2c127dbb8ceb,Oregano,Vegetable,Herbs,68.9,9.0,4.3,3000.0,0.11,0.18,0.7,0.22,0.24,10.0,123.0,0.0,3.8,0.0,0.5,1260.0,1590.0,41.8,270.0,80.0,1260.0,15.0,4.35,780.0,1.45,0.9,0.0,0.35,0.33,0.48,0.54,0.08,0.56,0.4,0.3,0.1,0.18,0.28,0.23,0.07,0.22,0.27,0.21,0.15,0.06,0.11,0.19,1.6,1.12,1.23,0.12,1.11,0.0,200.0,2050.0,31.5,0.0,45.0,0.28,0.3,0.12,8.0,0.0,42.0,0.0,100.0,0.0,42.0,7.0,0.0,0.0,0.0,4.0,2.5,1.5,15.0
97775a3f-fe28-4df7-8c1f-03221c9cefc1,Ginger,Vegetable,Tuberous,17.8,1.8,0.8,0.0,0.034,0.034,0.75,0.15,0.34,0.0,34.0,0.0,5.0,0.0,0.26,0.0,34.0,0.34,43.0,34.0,415.0,13.0,0.34,0.34,0.34,0.6,0.0,86.0,0.0,129.0,122.0,0.0,203.0,0.0,76.0,45.0,64.0,98.0,74.0,25.0,52.0,0.0,81.0,60.0,13.0,42.0,82.0,0.16,0.19,0.35,0.03,0.28,0.0,0.04,0.0,8.0,0.0,0.02,0.17,0.14,1.9,0.0,0.0,2.0,0.0,2.0,0.0,0.05,79.0,0.0,0.0,0.0,0.0,0.0,0.03,0.2
bec1be67-d6d8-4638-83a8-4f1bf764b9f1,Turmeric,Vegetable,Tuberous,65.0,9.7,3.3,0.0,0.075,0.15,0.6,0.9,0.3,0.0,268.0,0.0,0.7,0.0,2.8,0.0,268.0,41.4,193.0,268.0,268.0,38.0,4.35,0.3,7.0,0.0,0.0,75.0,120.0,135.0,250.0,15.0,470.0,0.0,75.0,55.0,63.0,110.0,85.0,25.0,70.0,0.0,100.0,60.0,20.0,55.0,85.0,0.97,1.08,1.21,0.03,1.2,0.0,0.3,0.0,8.0,0.0,0.03,1.4,1.4,5.0,0.0,0.0,22.7,0.0,25.0,0.0,0.1,14.0,0.0,0.0,0.0,0.1,0.0,0.03,0.3
9476f19a-46b4-446e-9bbf-e0f190390057,Horseradish,Vegetable,Tuberous,14.8,1.2,0.4,0.0,0.06,0.04,0.5,0.2,0.34,0.0,100.0,0.0,24.0,0.0,0.3,0.0,40.0,0.8,34.0,30.0,290.0,11.0,0.3,0.12,0.4,0.0,0.0,62.0,0.0,83.0,100.0,0.0,200.0,0.0,58.0,0.0,0.0,65.0,0.0,0.0,70.0,0.0,70.0,40.0,0.0,0.0,62.0,0.08,0.15,0.15,0.05,0.1,0.0,0.1,0.0,12.0,0.0,0.02,0.28,0.3,1.5,0.0,0.0,2.0,0.0,15.0,0.0,0.05,83.0,0.0,0.0,0.0,0.0,0.0,0.03,0.3
9ea8ef3c-6afa-4c6d-abce-dc4330c8b0b4,Button Mushrooms,Vegetable,Fungi,3.3,3.1,0.3,0.0,0.1,0.3,3.6,1.5,0.1,0.0,17.0,0.0,2.0,0.0,0.1,0.0,3.0,0.5,9.0,86.0,318.0,5.0,0.5,0.3,0.1,1.3,0.0,0.19,0.25,0.21,0.4,0.07,0.5,0.13,0.11,0.09,0.16,0.3,0.2,0.08,0.17,0.17,0.19,0.14,0.03,0.1,0.18,0.05,0.1,0.08,0.01,0.07,0.0,0.5,0.0,30.0,0.0,0.2,0.4,0.5,0.4,0.5,0.4,1.0,0.0,1.5,0.0,0.1,92.0,0.0,0.0,0.0,0.0,0.0,0.0,0.0
c24f99b9-16ad-4de0-b046-b3eb3492c714,Shiitake Mushrooms,Vegetable,Fungi,6.8,2.2,0.3,0.0,0.1,0.4,4.9,1.5,0.1,0.0,15.0,0.0,0.0,7.0,0.1,0.0,2.0,0.4,12.0,57.0,304.0,1.0,1.0,0.2,0.3,1.5,0.0,0.23,0.27,0.22,0.39,0.08,0.52,0.15,0.13,0.11,0.19,0.33,0.22,0.09,0.18,0.18,0.21,0.15,0.04,0.11,0.19,0.05,0.1,0.1,0.01,0.09,0.0,1.0,0.0,40.0,0.0,0.3,1.1,1.2,0.8,1.0,0.5,2.0,0.0,2.0,0.0,0.2,91.0,0.0,0.0,0.0,0.0,0.0,0.0,0.0
22a20975-9185-4f22-97bf-925942603587,Portobello Mushrooms,Vegetable,Fungi,3.9,3.1,0.3,0.0,0.1,0.4,4.9,1.6,0.1,0.0,15.0,0.0,0.0,2.0,0.2,0.0,3.0,0.5,13.0,60.0,318.0,5.0,0.5,0.3,0.1,1.4,0.0,0.2,0.26,0.23,0.41,0.09,0.52,0.14,0.12,0.1,0.18,0.31,0.23,0.08,0.17,0.18,0.22,0.15,0.04,0.11,0.2,0.05,0.09,0.09,0.01,0.08,0.0,0.8,0.0,35.0,0.0,0.2,0.5,0.6,0.5,0.6,0.4,1.0,0.0,1.8,0.0,0.2,92.0,0.0,0.0,0.0,0.0,0.0,0.0,0.0
097c484c-b3ae-46d1-8ef0-9b51547d3545,Oyster Mushrooms,Vegetable,Fungi,6.0,3.3,0.3,0.0,0.1,0.3,4.6,1.5,0.1,0.0,12.0,0.0,0.0,1.0,0.2,0.0,3.0,0.6,11.0,50.0,320.0,5.0,0.6,0.3,0.2,1.4,0.0,0.22,0.28,0.24,0.42,0.08,0.54,0.14,0.12,0.11,0.19,0.32,0.24,0.09,0.18,0.19,0.23,0.16,0.04,0.12,0.21,0.05,0.1,0.1,0.01,0.09,0.0,0.7,0.0,33.0,0.0,0.3,0.6,0.7,0.5,0.6,0.5,1.2,0.0,1.7,0.0,0.3,91.0,0.0,0.0,0.0,0.0,0.0,0.0,0.0
8b318517-0d69-4e5d-bc07-4d9e1b619c75,Alfalfa Sprouts,Vegetable,Sprouts,2.1,4.0,0.7,12.0,0.08,0.14,0.7,0.28,0.2,0.4,36.0,0.0,8.0,0.0,0.3,30.0,32.0,1.2,27.0,31.0,79.0,6.0,0.7,0.1,0.1,0.0,0.0,0.17,0.3,0.4,0.6,0.07,1.0,0.3,0.1,0.1,0.1,0.2,0.2,0.07,0.1,0.1,0.1,0.1,0.03,0.1,0.1,0.09,0.3,0.3,0.08,0.22,0.0,2.3,0.5,0.4,0.2,0.03,0.3,0.4,0.5,0.5,0.3,1.5,0.0,0.5,0.0,0.1,92.0,0.0,0.0,0.0,0.0,0.2,0.1,1.0
5a494992-5a61-4662-8354-b06fbe34bc98,Bean Sprouts,Vegetable,Sprouts,5.8,3.0,0.2,38.0,0.1,0.15,0.7,0.2,0.2,0.5,30.0,0.0,13.0,0.0,0.2,30.0,37.0,1.8,33.0,34.0,75.0,7.0,0.6,0.1,0.2,0.0,0.0,0.2,0.4,0.5,0.6,0.1,0.8,0.4,0.1,0.1,0.1,0.2,0.2,0.1,0.1,0.1,0.1,0.1,0.03,0.1,0.1,0.05,0.1,0.1,0.03,0.08,0.0,2.0,1.0,0.5,0.3,0.04,0.5,0.5,0.5,0.6,0.4,2.0,0.0,1.0,0.0,0.2,90.0,0.0,0.0,0.0,0.1,0.3,0.2,0.8
61082cd9-d08e-4f45-838c-8940d26b7ff4,Broccoli Sprouts,Vegetable,Sprouts,6.0,3.0,0.6,40.0,0.08,0.12,0.8,0.3,0.2,0.5,30.0,0.0,90.0,0.0,0.8,100.0,47.0,0.9,33.0,30.0,100.0,15.0,0.4,0.1,0.2,0.5,0.0,0.2,0.3,0.4,0.5,0.1,0.8,0.4,0.1,0.1,0.1,0.2,0.2,0.1,0.1,0.1,0.1,0.1,0.03,0.1,0.1,0.1,0.3,0.2,0.04,0.15,0.0,3.0,1.5,0.8,0.4,0.05,0.6,0.6,0.6,0.7,0.5,2.5,0.0,1.5,0.0,0.3,91.0,0.0,0.0,0.0,0.2,0.3,0.2,1.2
e861d4b1-696d-49e1-bfd0-f25a7cda87f0,Almond,Seed,Nuts,21.7,21.2,49.9,1.0,0.21,1.01,3.6,0.47,0.14,0.0,50.0,0.0,0.0,0.0,25.6,0.0,269.0,3.7,270.0,481.0,733.0,1.0,3.1,1.0,2.3,4.1,0.0,1.0,2.5,0.0,2.6,0.5,6.3,0.0,1.5,0.6,0.8,1.5,0.6,0.2,1.2,1.0,1.2,0.6,0.2,0.5,0.8,3.7,31.6,12.3,0.0,12.3,0.0,0.0,1.0,0.0,0.0,120.0,0.0,0.0,3.9,0.0,0.0,12.5,0.0,0.0,0.0,0.0,4.4,0.0,0.0,0.0,0.0,0.0,0.0,0.0
fa36a30b-64e4-41a5-9c2a-1e7e671b6c88,Cashew,Seed,Nuts,30.2,18.2,43.8,0.0,0.42,0.12,1.0,0.86,0.42,0.0,25.0,0.0,0.5,0.0,0.9,34.0,37.0,6.7,292.0,593.0,660.0,12.0,5.8,2.2,1.7,19.9,0.0,0.7,2.1,0.0,1.5,0.1,3.3,0.0,0.6,0.4,0.6,1.1,0.6,0.2,1.0,0.6,0.7,0.4,0.2,0.4,0.7,7.8,23.8,7.8,0.2,7.6,0.0,0.0,0.0,0.0,0.0,158.0,0.0,0.0,5.9,0.0,0.0,3.3,0.0,0.0,0.0,0.0,5.2,0.0,0.0,0.0,0.0,0.0,0.0,0.0
694c67d5-74e4-4eb7-aa4a-a45320e657b0,Chestnut,Seed,Nuts,45.0,2.4,0.6,0.0,0.2,0.1,0.8,0.4,0.3,0.0,60.0,0.0,43.0,0.0,0.4,0.0,18.0,0.9,30.0,34.0,500.0,0.0,0.6,0.2,0.7,0.0,0.0,0.2,0.4,0.2,0.3,0.1,0.4,0.2,0.2,0.1,0.2,0.3,0.2,0.1,0.2,0.2,0.2,0.2,0.1,0.1,0.2,0.1,0.1,0.3,0.0,0.3,0.0,0.0,0.0,0.0,0.0,0.0,0.5,2.0,2.0,0.0,0.0,8.0,0.0,0.0,0.0,0.0,10.0,0.0,0.0,0.0,0.0,0.0,0.0,0.0
38cc2363-92bd-41f0-adab-06100c8501e3,Hazelnut,Seed,Nuts,16.7,14.1,60.8,20.0,0.6,0.1,2.6,0.8,0.6,0.0,113.0,0.0,6.0,0.0,15.0,0.0,114.0,4.7,163.0,290.0,680.0,0.0,2.5,1.7,6.2,0.0,0.0,0.6,2.7,0.8,1.0,0.2,2.0,0.7,0.4,0.3,0.6,1.0,0.8,0.2,0.7,0.6,0.5,0.5,0.1,0.4,0.7,4.5,45.6,8.9,0.1,8.8,0.0,0.0,0.0,0.0,0.0,80.0,0.0,0.0,4.2,0.0,0.0,10.0,0.0,0.0,0.0,0.0,6.0,0.0,0.0,0.0,0.0,0.0,0.0,0.0
b8bfc099-f549-4611-9b90-8c6919ad777c,Pistachio,Seed,Nuts,28.0,20.2,45.4,0.0,0.9,0.2,1.5,0.9,1.7,0.0,30.0,0.0,5.0,0.0,2.9,0.0,105.0,4.0,121.0,500.0,1025.0,1.0,2.2,1.3,1.2,0.0,0.0,0.9,3.3,1.0,1.2,0.5,2.0,1.2,0.8,0.6,0.9,1.3,1.0,0.5,0.9,0.9,0.8,0.8,0.2,0.6,0.9,5.0,24.0,14.0,0.0,14.0,0.0,0.0,0.0,0.0,0.0,160.0,0.0,0.0,7.7,0.0,0.0,10.6,0.0,0.0,0.0,0.0,5.0,0.0,0.0,0.0,0.0,0.0,0.0,0.0
8ac3e1a5-6afb-4d8c-b6bf-7048770ef191,Walnut,Seed,Nuts,28.0,20.2,45.4,0.0,0.9,0.2,1.5,0.9,1.7,0.0,30.0,0.0,5.0,0.0,2.9,0.0,105.0,4.0,121.0,500.0,1025.0,1.0,2.2,1.3,1.2,0.0,0.0,0.9,3.3,1.0,1.2,0.5,2.0,1.2,0.8,0.6,0.9,1.3,1.0,0.5,0.9,0.9,0.8,0.8,0.2,0.6,0.9,5.0,24.0,14.0,0.0,14.0,0.0,0.0,0.0,0.0,0.0,160.0,0.0,0.0,7.7,0.0,0.0,10.6,0.0,0.0,0.0,0.0,5.0,0.0,0.0,0.0,0.0,0.0,0.0,0.0
f1bd6269-76ad-42b1-ba7b-4edc663dda35,Pine Nut,Seed,Nuts,13.7,15.2,65.2,0.0,0.3,0.1,1.2,0.5,0.6,0.0,98.0,0.0,1.3,0.0,0.7,2.7,98.0,2.9,158.0,346.0,441.0,2.0,3.1,1.6,3.4,0.0,0.0,0.6,3.2,0.8,1.3,0.2,2.7,1.3,0.7,0.4,0.8,1.3,0.9,0.3,0.9,0.9,0.7,0.7,0.2,0.6,0.9,6.0,8.9,47.0,9.0,38.0,0.0,0.0,0.0,0.0,0.0,270.0,0.0,0.0,2.6,0.0,0.0,6.7,0.0,0.0,0.0,0.0,4.0,0.0,0.0,0.0,0.0,0.0,0.0,0.0
0f63e0eb-f0fe-4759-8f2b-82f074dd7219,Sunflower Seed,Seed,Seeds,20.0,20.8,51.5,0.0,1.5,0.3,8.3,1.1,1.3,66.0,227.0,0.0,1.4,0.0,35.2,0.0,78.0,5.3,325.0,660.0,645.0,9.0,5.0,1.8,1.9,53.0,0.0,1.0,2.5,2.5,2.9,0.4,5.8,0.7,1.3,0.7,0.9,1.4,0.6,0.5,1.3,1.1,1.2,0.8,0.3,0.6,1.1,4.5,18.5,23.1,0.1,23.1,0.0,0.0,50.0,0.0,0.0,534.0,2.7,2.7,0.0,0.0,0.0,8.6,0.0,0.0,0.0,0.0,4.7,0.0,0.0,0.0,0.0,0.0,0.0,0.0
e35b3f84-cb1d-425f-83c8-b21bbc822086,Pumpkin Seed,Seed,Seeds,10.7,19.0,49.1,0.0,0.2,0.2,4.9,0.5,0.1,0.0,58.0,0.0,1.9,0.0,2.2,7.3,46.0,3.3,592.0,1233.0,809.0,18.0,7.8,1.3,4.5,5.6,0.0,0.9,4.3,2.3,2.3,0.4,5.4,0.7,1.2,0.5,0.8,1.4,1.2,0.5,1.0,0.9,1.0,0.8,0.6,0.6,1.0,8.7,15.0,19.0,0.3,18.5,0.0,0.0,0.0,0.0,0.0,265.0,1.4,1.3,0.0,0.0,0.0,6.5,0.0,0.0,0.0,0.0,5.2,0.0,0.0,0.0,0.0,0.0,0.0,0.0
11730dc1-c6ec-4909-98aa-117c23e17a4a,Chia Seed,Seed,Seeds,42.1,16.5,30.7,54.0,0.6,0.2,8.8,1.1,0.5,0.0,49.0,0.0,1.6,0.0,0.5,0.0,631.0,7.7,335.0,860.0,407.0,16.0,4.6,0.9,2.7,55.0,0.0,0.9,1.7,1.3,1.5,0.4,3.0,0.5,0.9,0.6,0.8,1.4,0.9,0.6,0.9,0.9,0.8,0.7,0.3,0.6,0.9,3.3,2.3,23.7,17.8,5.8,0.0,0.0,0.0,0.0,0.0,0.0,0.9,0.8,0.1,0.0,0.0,34.4,0.0,0.0,0.0,0.0,5.8,0.0,0.0,0.0,0.0,0.0,0.0,0.0
84d00c05-21fd-4312-8505-c83ca2f44eaa,Flax Seed,Seed,Seeds,28.9,18.3,42.2,0.0,1.6,0.2,3.1,0.6,0.5,0.0,87.0,0.0,0.6,0.0,0.3,4.3,255.0,5.7,392.0,642.0,813.0,30.0,4.3,1.3,2.5,25.0,0.0,0.9,2.5,2.2,2.7,0.7,4.7,0.6,1.4,0.5,0.8,1.4,0.9,0.4,1.1,1.0,1.0,0.8,0.3,0.5,1.0,3.7,7.5,28.7,22.8,5.9,0.0,0.0,0.0,0.0,0.0,0.0,0.9,0.8,0.1,0.0,0.0,27.3,0.0,0.0,0.0,0.0,6.96,0.0,0.0,0.0,0.0,0.0,0.0,0.0
cc7ef0c8-0f29-47eb-9d6c-f6e8f9d3c185,Sesame Seed,Seed,Seeds,23.5,18.7,49.7,0.0,0.8,0.3,4.5,0.7,0.8,0.0,97.0,0.0,0.0,0.0,0.3,0.0,975.0,14.6,351.0,628.0,468.0,11.0,7.8,1.6,2.5,34.0,0.0,0.7,4.0,2.1,2.9,0.6,5.2,0.5,1.0,0.5,0.7,1.3,0.8,0.7,1.0,1.0,1.0,0.7,0.3,0.7,0.8,6.8,18.5,19.7,0.1,19.6,0.0,0.0,0.0,0.0,0.0,0.0,0.3,0.3,0.5,0.0,0.0,11.8,0.0,0.0,0.0,0.0,4.7,0.0,0.0,0.0,0.0,0.0,0.0,0.0
9f3e0f1d-9216-44b2-87c6-7512245cbe8d,Wheat,Seed,Grains,71.2,13.68,1.54,0.0,0.447,0.15,6.363,0.935,0.341,0.0,38.0,0.0,0.0,0.0,0.79,1.9,34.0,3.6,138.0,508.0,363.0,2.0,3.46,0.494,3.984,89.4,0.0,0.0,0.0,0.0,0.0,0.0,0.0,0.0,0.0,0.0,0.0,0.0,0.0,0.0,0.0,0.0,0.0,0.0,0.0,0.0,0.0,0.277,0.213,0.759,0.054,0.705,0.0,0.0,0.0,0.0,0.0,0.0,0.0,0.0,0.29,0.0,0.0,10.7,0.0,0.0,0.0,0.0,11.92,0.0,0.0,0.0,0.0,0.0,0.0,0.0
7c2d9d4b-b8b8-466c-8277-e0e5fe4a1553,Rice,Seed,Grains,28.17,2.69,0.28,0.0,0.163,0.016,1.476,0.418,0.093,0.0,8.0,0.0,0.0,0.0,0.04,0.0,10.0,0.2,12.0,43.0,35.0,1.0,0.42,0.069,0.377,7.5,0.0,0.0,0.0,0.0,0.0,0.0,0.0,0.0,0.0,0.0,0.0,0.0,0.0,0.0,0.0,0.0,0.0,0.0,0.0,0.0,0.0,0.077,0.086,0.081,0.0,0.081,0.0,0.0,0.0,0.0,0.0,0.0,0.05,0.02,0.03,0.0,0.0,0.4,0.0,0.0,0.0,0.0,68.44,0.0,0.0,0.0,0.0,0.0,0.0,0.0
25e72072-0d79-4bcb-88d2-1ff4283bdfa8,Corn,Seed,Grains,19.0,3.3,1.2,0.0,0.4,0.1,1.7,0.8,0.3,0.0,42.0,0.0,6.8,0.0,0.1,0.0,7.0,0.5,37.0,34.0,270.0,15.0,0.5,0.1,0.2,0.0,0.0,0.3,0.3,0.5,0.6,0.1,0.9,0.2,0.2,0.1,0.2,0.3,0.2,0.1,0.2,0.2,0.3,0.2,0.1,0.2,0.3,0.2,0.4,0.5,0.0,0.5,0.0,0.0,0.0,0.0,0.0,0.0,0.8,0.6,0.6,0.0,0.0,2.7,0.0,0.0,0.0,0.0,73.2,0.0,0.0,0.0,0.0,0.0,0.0,0.0
e4286675-f9c2-4425-a298-a8ec18435fca,Barley,Seed,Grains,73.5,12.5,1.2,0.0,0.4,0.1,4.6,0.8,0.3,0.0,23.0,0.0,0.0,0.0,0.4,0.0,33.0,2.5,79.0,34.0,280.0,7.0,1.1,0.3,1.1,0.0,0.0,0.6,0.7,1.1,1.3,0.3,2.2,0.4,0.4,0.4,0.7,1.2,0.9,0.3,0.7,0.6,0.6,0.6,0.1,0.4,0.8,0.2,0.3,0.7,0.0,0.7,0.0,0.0,0.0,0.0,0.0,0.0,0.7,0.4,1.6,0.0,0.0,17.3,0.0,0.0,0.0,0.0,10.0,0.0,0.0,0.0,0.0,0.0,0.0,0.0
1671d5cf-0337-4228-8893-c675e0160144,Oats,Seed,Grains,66.3,16.9,6.9,0.0,0.8,0.1,0.9,1.0,0.1,0.0,56.0,0.0,0.0,0.0,0.6,0.0,54.0,4.3,177.0,523.0,429.0,2.0,3.6,0.6,3.8,0.0,0.0,0.8,0.9,1.7,1.6,0.5,2.7,0.7,0.7,0.5,0.9,1.5,1.0,0.4,0.9,0.9,1.0,0.8,0.2,0.6,1.0,1.2,2.0,3.7,0.0,3.7,0.0,0.0,0.0,0.0,0.0,0.0,0.7,0.6,0.8,0.0,0.0,10.6,0.0,0.0,0.0,0.0,8.0,0.0,0.0,0.0,0.0,0.0,0.0,0.0
606816db-e72c-4d17-a9f2-37775637e189,Millet,Seed,Grains,73.0,11.0,4.0,0.0,0.3,0.1,0.8,0.6,0.2,0.0,85.0,0.0,0.0,0.0,0.1,0.0,8.0,3.0,114.0,34.0,195.0,5.0,1.3,0.3,1.2,0.0,0.0,0.6,0.8,1.3,1.5,0.3,2.1,0.5,0.5,0.4,0.8,1.3,0.9,0.3,0.8,0.6,0.6,0.6,0.1,0.3,0.8,0.8,1.3,2.0,0.0,2.0,0.0,0.0,0.0,0.0,0.0,0.0,0.6,0.6,1.5,0.0,0.0,7.6,0.0,0.0,0.0,0.0,10.0,0.0,0.0,0.0,0.0,0.0,0.0,0.0
9ec78a33-2bee-4e89-9058-f70a2354edd9,Salmon,Seafood,Oily Fishs,0.0,20.0,13.0,50.0,0.2,0.4,8.0,0.9,0.8,5.0,25.0,3.0,0.0,12.0,2.0,0.0,10.0,0.8,30.0,270.0,490.0,60.0,0.8,0.1,0.1,30.0,30.0,1.0,1.3,1.1,1.3,0.3,2.3,0.6,0.7,0.5,0.8,1.2,1.1,0.7,0.8,0.8,0.8,0.7,0.2,0.7,0.8,3.0,4.0,3.0,2.5,0.6,0.1,0.0,0.0,0.0,0.0,0.0,0.0,0.0,0.0,0.0,0.0,0.0,60.0,0.0,0.0,0.0,61.0,0.0,0.0,0.0,0.0,0.0,0.0,0.0
cc231280-cdd5-4fed-9538-b07fc3db6772,Mackerel,Seafood,Oily Fishs,0.0,19.0,15.0,200.0,0.2,0.3,7.0,0.9,0.8,6.0,30.0,9.0,0.0,18.0,2.0,0.0,15.0,1.8,40.0,200.0,400.0,80.0,0.9,0.1,0.1,35.0,40.0,1.0,1.2,1.1,1.2,0.3,2.2,0.6,0.7,0.5,0.8,1.2,1.1,0.8,0.8,0.8,0.8,0.7,0.2,0.7,0.8,3.0,5.0,6.0,3.0,1.0,0.1,0.0,0.0,0.0,0.0,0.0,0.0,0.0,0.0,0.0,0.0,0.0,70.0,0.0,0.0,0.0,61.0,0.0,0.0,0.0,0.0,0.0,0.0,0.0
b6568f15-7718-404e-ab0b-3bb8b8396dab,Sardines,Seafood,Oily Fishs,0.0,25.0,11.0,200.0,0.4,1.3,8.0,1.0,1.2,8.0,50.0,8.0,0.0,20.0,1.0,0.0,380.0,2.9,35.0,500.0,400.0,500.0,1.0,0.3,0.1,45.0,20.0,1.1,1.5,1.3,1.6,0.5,2.8,0.8,0.9,0.7,1.0,1.4,1.3,0.9,1.0,1.0,1.0,0.9,0.3,0.9,1.0,2.5,2.0,6.0,1.5,0.5,0.0,0.0,0.0,0.0,0.0,0.0,0.0,0.0,0.0,0.0,0.0,0.0,50.0,0.0,0.0,0.0,62.0,0.0,0.0,0.0,0.0,0.0,0.0,0.0
5adb3226-1e0f-4887-93e2-db2d7232b67a,Tuna,Seafood,Oily Fishs,0.0,23.0,1.0,60.0,0.1,0.2,15.0,0.5,0.8,4.0,15.0,3.0,0.0,10.0,1.0,0.0,10.0,1.0,25.0,200.0,400.0,50.0,0.6,0.1,0.1,40.0,30.0,1.0,1.4,1.0,1.3,0.2,2.2,0.5,0.7,0.6,0.9,1.4,1.4,0.5,0.8,0.8,0.8,0.8,0.2,0.7,1.0,0.2,0.3,0.6,0.3,0.3,0.0,0.0,0.0,0.0,0.0,0.0,0.0,0.0,0.0,0.0,0.0,0.0,50.0,0.0,0.0,0.0,71.0,0.0,0.0,0.0,0.0,0.0,0.0,0.0
96e5df05-d995-40d6-a425-e919ee8812c4,Cod,Seafood,Lean Fishs,0.0,18.0,0.7,30.0,0.1,0.1,3.0,0.5,0.2,4.0,20.0,1.0,0.0,0.5,0.1,0.0,20.0,0.3,25.0,150.0,300.0,50.0,0.3,0.05,0.1,35.0,10.0,1.0,1.1,1.5,1.8,0.2,2.0,0.5,0.6,0.5,0.6,1.0,1.2,0.4,0.5,0.6,0.6,0.6,0.1,0.4,0.7,0.1,0.1,0.3,0.1,0.1,0.0,0.0,0.0,0.0,0.0,0.0,0.0,0.0,0.0,0.0,0.0,0.0,50.0,0.0,0.0,0.0,79.0,0.0,0.0,0.0,0.0,0.0,0.0,0.0
7fe57153-324b-4020-8f15-edce5bee9658,Haddock,Seafood,Lean Fishs,0.0,19.0,0.6,25.0,0.1,0.1,4.0,0.5,0.2,3.0,15.0,1.2,0.0,0.4,0.1,0.0,15.0,0.4,30.0,140.0,350.0,60.0,0.4,0.05,0.1,30.0,8.0,1.0,1.1,1.5,1.7,0.2,2.0,0.5,0.6,0.5,0.6,1.1,1.2,0.4,0.5,0.6,0.6,0.6,0.1,0.4,0.7,0.1,0.1,0.3,0.1,0.1,0.0,0.0,0.0,0.0,0.0,0.0,0.0,0.0,0.0,0.0,0.0,0.0,45.0,0.0,0.0,0.0,79.0,0.0,0.0,0.0,0.0,0.0,0.0,0.0
491baec2-2f30-4aa6-9091-ac84e3903d9b,Tilapia,Seafood,Lean Fishs,0.0,20.0,2.0,30.0,0.1,0.2,2.5,0.4,0.2,5.0,15.0,1.0,0.0,0.2,0.2,0.0,20.0,0.5,30.0,150.0,350.0,60.0,0.4,0.06,0.1,30.0,8.0,1.1,1.2,1.6,1.9,0.2,2.2,0.6,0.7,0.6,0.7,1.2,1.3,0.5,0.6,0.7,0.7,0.7,0.1,0.5,0.8,0.5,0.7,0.7,0.2,0.5,0.0,0.0,0.0,0.0,0.0,0.0,0.0,0.0,0.0,0.0,0.0,0.0,60.0,0.0,0.0,0.0,78.0,0.0,0.0,0.0,0.0,0.0,0.0,0.0
ce668a2b-4e6a-4ac5-9533-51075939314a,Halibut,Seafood,Lean Fishs,0.0,22.0,2.0,30.0,0.2,0.2,4.5,0.5,0.3,6.0,20.0,1.5,0.0,1.0,0.2,0.0,20.0,0.4,35.0,160.0,350.0,70.0,0.5,0.05,0.1,35.0,12.0,1.1,1.2,1.7,1.8,0.2,2.1,0.6,0.7,0.6,0.7,1.3,1.4,0.5,0.6,0.7,0.7,0.7,0.1,0.5,0.8,0.5,0.6,0.7,0.3,0.4,0.0,0.0,0.0,0.0,0.0,0.0,0.0,0.0,0.0,0.0,0.0,0.0,60.0,0.0,0.0,0.0,78.0,0.0,0.0,0.0,0.0,0.0,0.0,0.0
29197f53-ccc6-4acb-a04a-8e5a83d83722,Pollock,Seafood,Lean Fishs,0.0,20.0,1.0,30.0,0.2,0.2,3.5,0.5,0.2,4.0,15.0,1.0,0.0,0.1,0.2,0.0,20.0,0.4,30.0,180.0,350.0,60.0,0.4,0.05,0.1,30.0,10.0,1.1,1.2,1.7,1.8,0.2,2.0,0.6,0.7,0.6,0.7,1.3,1.3,0.5,0.6,0.7,0.7,0.7,0.1,0.5,0.8,0.2,0.4,0.4,0.2,0.2,0.0,0.0,0.0,0.0,0.0,0.0,0.0,0.0,0.0,0.0,0.0,0.0,30.0,0.0,0.0,0.0,80.0,0.0,0.0,0.0,0.0,0.0,0.0,0.0
83afd958-8a58-4094-9856-07d7fca8b4c2,Shrimp,Seafood,Shell Fishs,0.2,24.0,0.3,54.0,0.1,0.1,1.2,0.7,0.1,1.0,4.0,1.0,0.0,0.5,0.1,0.0,70.0,1.5,30.0,250.0,180.0,150.0,1.0,0.2,0.1,30.0,35.0,1.2,1.5,1.8,1.8,0.3,2.2,0.7,0.8,0.7,0.8,1.4,1.5,0.6,0.8,0.8,0.8,0.8,0.1,0.6,0.9,0.1,0.1,0.1,0.1,0.1,0.0,0.0,0.0,0.0,0.0,0.0,0.0,0.0,0.0,0.0,0.0,0.0,150.0,0.0,0.0,0.0,80.0,0.0,0.0,0.0,0.0,0.0,0.0,0.0
1da6cbc0-9c51-407d-a352-e27f8a0f9652,Crab,Seafood,Shell Fishs,0.0,19.0,0.8,50.0,0.1,0.1,0.8,0.6,0.1,5.0,30.0,9.0,3.0,0.0,0.1,0.0,50.0,1.0,40.0,250.0,320.0,500.0,2.0,0.5,0.1,40.0,30.0,1.0,1.4,1.7,1.7,0.2,2.0,0.5,0.6,0.6,0.6,1.2,1.2,0.4,0.5,0.6,0.7,0.7,0.1,0.5,0.7,0.2,0.2,0.2,0.1,0.1,0.0,0.0,0.0,0.0,0.0,0.0,0.0,0.0,0.0,0.0,0.0,0.0,150.0,0.0,0.0,0.0,80.0,0.0,0.0,0.0,0.0,0.0,0.0,0.0
474aa447-974b-4667-88ac-9bafd795de2a,Oysters,Seafood,Shell Fishs,4.0,9.0,1.5,50.0,0.1,0.3,2.0,0.5,0.1,8.0,40.0,9.0,2.0,1.0,0.5,0.0,90.0,7.0,40.0,200.0,200.0,80.0,60.0,1.0,0.1,30.0,70.0,0.9,1.0,1.4,1.4,0.2,1.8,0.5,0.6,0.5,0.6,1.0,1.0,0.4,0.5,0.6,0.6,0.6,0.1,0.4,0.6,0.2,0.5,0.8,0.3,0.3,0.0,0.0,0.0,0.0,0.0,0.0,0.2,0.2,0.3,0.0,0.0,0.0,90.0,0.0,0.0,0.0,80.0,0.0,0.0,0.0,0.0,0.0,0.0,0.0
38e02254-def6-4a92-9789-7ce23f912ead,Lobster,Seafood,Shell Fishs,0.0,19.0,0.6,35.0,0.1,0.2,2.0,0.5,0.1,8.0,40.0,2.5,2.0,1.0,0.3,0.0,40.0,1.0,35.0,200.0,180.0,500.0,1.5,0.5,0.1,30.0,40.0,1.0,1.2,1.6,1.6,0.2,1.8,0.6,0.7,0.6,0.6,1.2,1.2,0.4,0.6,0.6,0.6,0.6,0.1,0.5,0.6,0.1,0.2,0.2,0.1,0.1,0.0,0.0,0.0,0.0,0.0,0.0,0.0,0.0,0.0,0.0,0.0,0.0,70.0,0.0,0.0,0.0,80.0,0.0,0.0,0.0,0.0,0.0,0.0,0.0
a566b113-65d0-4805-bcaf-6e8764055f68,Mussels,Seafood,Shell Fishs,7.0,24.0,2.0,350.0,0.1,0.7,2.0,0.4,0.5,20.0,35.0,12.0,6.0,0.5,0.5,0.0,70.0,3.0,40.0,200.0,250.0,200.0,2.0,1.0,0.8,40.0,100.0,1.2,1.5,2.0,2.0,0.3,2.0,0.7,0.8,0.8,0.8,1.5,1.5,0.5,0.8,0.8,0.8,0.8,0.2,0.6,0.8,0.5,0.4,0.6,0.4,0.2,0.0,0.0,0.0,0.0,0.0,0.0,0.5,0.5,0.5,0.0,0.0,0.0,70.0,0.0,0.0,0.0,80.0,0.0,0.0,0.0,0.0,0.0,0.0,0.0
e0b7f831-5c2f-4906-81fb-6d1ce37204fa,Chicken,Meat,Red Meat,0.0,31.0,3.6,13.0,0.1,0.2,13.7,1.0,0.5,10.0,4.0,0.3,0.0,0.1,0.2,2.1,15.0,1.0,25.0,180.0,223.0,70.0,1.0,0.04,0.02,20.0,7.0,1.7,2.2,1.9,2.9,0.3,4.5,1.9,1.6,1.1,1.7,3.0,3.2,1.2,1.4,1.7,1.4,1.6,0.4,1.0,1.8,1.0,1.2,0.8,0.1,0.7,0.0,0.0,0.0,0.0,0.0,0.0,0.0,0.0,0.0,0.0,0.0,0.0,85.0,0.0,0.0,0.0,65.0,0.0,0.0,0.0,0.0,0.0,0.0,0.0
51cc44cf-7923-4700-a239-ee4bd40a4f8a,Beef,Meat,Red Meat,0.0,26.1,15.0,0.0,0.1,0.2,5.6,0.7,0.4,0.0,7.0,2.6,0.0,0.0,0.2,0.0,18.0,2.6,20.0,198.0,318.0,58.0,5.1,0.1,0.1,22.8,0.0,1.4,1.7,1.8,3.2,0.3,5.8,1.8,1.6,1.2,1.6,2.8,2.8,0.8,1.2,1.3,1.4,1.4,0.3,1.1,1.7,5.0,6.7,0.6,0.1,0.5,0.0,0.0,0.0,0.0,0.0,0.0,0.0,0.0,0.0,0.0,0.0,0.0,73.0,0.0,0.0,0.0,65.0,0.0,0.0,0.0,0.0,0.0,0.0,0.0
1a422994-ab07-44bf-b843-01533def3cb5,Lamb,Meat,Red Meat,0.0,25.0,21.0,0.0,0.1,0.2,7.0,0.7,0.5,0.0,8.0,2.7,0.0,0.0,0.1,0.0,20.0,1.8,25.0,215.0,270.0,60.0,4.0,0.1,0.1,31.0,0.0,1.5,1.8,1.9,3.0,0.3,5.4,1.7,1.4,1.3,1.5,2.6,2.7,0.9,1.3,1.2,1.4,1.4,0.3,1.2,1.7,8.0,8.0,2.0,0.2,1.8,0.0,0.0,0.0,0.0,0.0,0.0,0.0,0.0,0.0,0.0,0.0,0.0,75.0,0.0,0.0,0.0,60.0,0.0,0.0,0.0,0.0,0.0,0.0,0.0
8d5d540b-8703-4033-8dc2-1fadcc3eba23,Pork,Meat,Red Meat,0.0,25.0,20.0,0.0,0.8,0.3,6.0,0.9,0.7,0.0,10.0,0.8,0.0,0.0,0.1,0.0,20.0,1.2,24.0,250.0,310.0,70.0,2.4,0.1,0.1,25.0,0.0,1.5,1.8,1.9,3.2,0.3,5.8,1.7,1.5,1.2,1.6,2.7,2.6,0.9,1.3,1.3,1.4,1.4,0.3,1.1,1.7,7.0,9.0,2.0,0.2,1.8,0.0,0.0,0.0,0.0,0.0,0.0,0.0,0.0,0.0,0.0,0.0,0.0,85.0,0.0,0.0,0.0,60.0,0.0,0.0,0.0,0.0,0.0,0.0,0.0
c8890c99-c3c6-453b-9b52-05e3aa089aab,Bacon,Meat,Processed Meat,1.4,37.0,42.0,3.0,0.9,0.2,11.0,0.9,0.4,0.0,5.0,1.5,0.0,0.1,0.4,0.0,10.0,1.2,27.0,350.0,565.0,1843.0,2.5,0.1,0.0,42.0,0.0,1.9,2.1,0.0,4.0,0.4,6.4,0.0,1.9,1.5,2.1,3.4,3.6,1.0,1.8,2.1,2.2,2.0,0.4,1.7,2.3,14.0,19.0,4.0,0.2,3.7,0.0,0.0,0.0,0.0,0.0,0.0,0.0,0.0,0.0,0.0,0.0,0.0,105.0,0.0,0.0,0.0,5.0,0.0,0.0,0.0,0.0,0.0,0.0,0.0
a2b8d9c3-ccd8-417e-a9d1-6fefe2f73c63,Sausage,Meat,Processed Meat,1.9,11.9,28.0,20.0,0.3,0.2,3.0,0.7,0.3,0.0,8.0,0.5,0.0,0.3,0.6,0.0,13.0,0.6,10.0,100.0,180.0,800.0,1.2,0.1,0.0,12.0,0.0,0.9,1.0,0.0,2.1,0.2,3.5,0.0,1.0,0.5,0.6,1.1,1.2,0.4,0.6,1.1,0.8,0.6,0.2,0.5,0.8,10.0,12.0,3.0,0.2,2.8,0.1,0.0,0.0,0.0,0.0,0.0,0.0,0.0,0.0,0.0,0.0,0.0,68.0,0.0,0.0,0.0,54.0,0.0,0.0,0.0,0.0,0.0,0.0,0.0
dbb4de3b-1d36-42eb-8b71-2f595f299af0,Ham,Meat,Processed Meat,0.0,20.0,4.0,0.0,0.5,0.3,5.0,0.5,0.6,0.0,5.0,0.8,0.0,0.0,0.1,0.0,12.0,0.8,15.0,150.0,250.0,1200.0,1.5,0.1,0.1,30.0,0.0,1.0,1.2,1.3,2.0,0.2,3.5,1.0,1.0,0.8,1.2,1.8,1.8,0.6,1.0,1.0,1.0,1.1,0.2,0.8,1.2,1.5,1.5,0.5,0.1,0.4,0.0,0.0,0.0,0.0,0.0,0.0,0.0,0.0,0.0,0.0,0.0,0.0,50.0,0.0,0.0,0.0,60.0,0.0,0.0,0.0,0.0,0.0,0.0,0.0
ff7bd4b0-bc0d-4212-b24c-870e74706bbe,Salami,Meat,Processed Meat,1.0,23.0,27.0,0.0,0.6,0.4,5.0,0.8,0.9,0.0,10.0,1.0,0.0,0.0,0.2,0.0,15.0,1.5,20.0,200.0,300.0,1600.0,2.5,0.2,0.2,40.0,0.0,1.5,1.8,1.5,2.5,0.4,4.0,1.5,1.5,1.0,1.5,2.2,2.0,0.8,1.2,1.5,1.2,1.3,0.3,1.0,1.6,10.0,12.0,3.0,0.3,2.7,1.0,0.0,0.0,0.0,0.0,0.0,0.0,0.0,1.0,0.0,0.0,0.0,70.0,0.0,0.0,0.0,50.0,0.0,0.0,0.0,0.0,0.0,0.0,0.0
4d591051-ac2b-4d5f-b947-3439d3d29330,Pepperoni,Meat,Processed Meat,1.0,20.0,30.0,0.0,0.7,0.5,6.0,1.0,1.0,0.0,15.0,1.2,0.0,0.0,0.3,0.0,20.0,2.0,25.0,250.0,350.0,1800.0,3.0,0.3,0.2,45.0,0.0,1.5,1.5,1.6,2.5,0.3,4.0,1.2,1.0,1.1,1.4,2.0,2.2,0.7,1.3,1.4,1.2,1.3,0.3,0.9,1.5,12.0,14.0,4.0,0.5,3.5,2.0,0.0,0.0,0.0,0.0,0.0,0.0,0.0,1.0,0.0,0.0,0.0,80.0,0.0,0.0,0.0,45.0,0.0,0.0,0.0,0.0,0.0,0.0,0.0
7449e87e-f75f-45e3-97a8-2c782f60442d,Whole Milk,Dairy,Milk,4.8,3.4,3.3,46.0,0.04,0.18,0.1,0.4,0.04,0.0,5.0,0.4,1.0,1.0,0.2,0.0,120.0,0.1,10.0,95.0,150.0,50.0,0.4,0.03,0.01,1.0,13.0,0.1,0.1,0.2,0.3,0.03,0.6,0.2,0.1,0.1,0.2,0.3,0.3,0.1,0.2,0.2,0.2,0.2,0.04,0.1,0.2,1.9,1.1,0.1,0.01,0.1,0.0,0.0,0.0,0.0,0.0,0.0,0.5,0.5,2.8,0.0,0.0,0.0,10.0,0.0,0.0,0.0,88.0,0.0,0.0,0.0,0.0,0.0,0.0,0.0
9a1b71ec-731e-4ed2-b785-3abd4cee5cac,Almond Milk,Dairy,Milk,0.4,0.3,1.0,0.0,0.02,0.03,0.1,0.05,0.01,0.0,0.0,0.0,0.0,0.0,0.1,0.0,120.0,0.2,10.0,20.0,10.0,0.0,0.2,0.02,0.01,0.0,0.0,0.03,0.03,0.03,0.05,0.01,0.05,0.02,0.03,0.01,0.02,0.03,0.02,0.01,0.02,0.02,0.02,0.02,0.01,0.02,0.03,0.1,0.6,0.3,0.02,0.3,0.0,0.0,0.0,0.0,0.0,0.1,0.0,0.0,0.0,0.0,0.0,0.0,0.0,0.0,0.0,0.0,97.0,0.0,0.0,0.0,0.0,0.0,0.0,0.0
020c8499-0257-4a5a-ad90-ffc45ce2c7d5,Soy Milk,Dairy,Milk,0.7,3.3,1.8,0.0,0.1,0.1,0.5,0.2,0.1,0.0,10.0,0.0,0.0,0.0,0.1,0.0,120.0,0.8,20.0,30.0,50.0,10.0,0.3,0.04,0.05,0.0,0.0,0.03,0.3,0.1,0.2,0.03,0.5,0.3,0.03,0.1,0.1,0.2,0.1,0.02,0.2,0.03,0.1,0.1,0.02,0.1,0.1,0.3,0.6,0.9,0.2,0.7,0.0,0.1,0.0,0.1,0.0,0.2,0.1,0.1,0.1,0.0,0.0,0.0,0.0,0.1,0.0,0.0,95.0,0.0,0.0,0.0,0.0,0.1,0.5,0.0
579598e1-1a0e-4796-b1cb-bcbfe3df681b,Cheddar,Dairy,Dairy Products,1.3,25.0,33.0,200.0,0.05,0.38,0.0,0.8,0.0,0.0,0.0,1.2,0.0,0.0,0.2,0.0,700.0,0.7,30.0,500.0,150.0,600.0,3.0,0.03,0.01,0.0,0.0,1.0,1.1,1.2,2.0,0.4,4.0,1.0,0.5,0.8,1.2,2.0,1.8,0.5,1.0,1.2,1.0,0.8,0.3,1.0,1.0,21.0,9.0,1.5,0.1,1.4,0.0,0.0,0.0,0.0,0.0,0.5,0.0,0.0,1.3,0.0,0.0,0.0,110.0,0.0,0.0,0.0,36.0,0.0,0.0,0.0,0.0,0.0,0.0,0.0
8b31db12-a064-4cf7-b66c-92201ee2d5dd,Mozzarella,Dairy,Dairy Products,2.2,22.0,22.0,300.0,0.1,0.4,0.0,0.8,0.1,0.0,10.0,1.0,0.0,0.0,0.2,0.0,700.0,0.3,30.0,500.0,150.0,600.0,2.0,0.1,0.02,0.0,0.0,1.1,1.0,1.1,1.9,0.4,3.8,1.1,0.5,0.8,1.2,2.0,1.7,0.5,1.0,1.3,1.0,0.8,0.3,1.0,1.0,13.0,6.0,0.5,0.1,0.4,0.0,0.0,0.0,0.0,0.0,0.5,0.0,0.0,2.2,0.0,0.0,0.0,70.0,0.0,0.0,0.0,60.0,0.0,0.0,0.0,0.0,0.0,0.0,0.0
e6a060ca-d970-4899-946a-2bbba5bd5699,Greek Yogurt,Dairy,Dairy Products,4.0,10.0,3.0,150.0,0.1,0.4,0.0,0.7,0.1,0.0,15.0,0.9,0.0,0.0,0.1,0.0,150.0,0.1,10.0,100.0,150.0,50.0,0.6,0.03,0.03,0.0,0.0,1.0,1.1,1.0,1.6,0.2,3.0,0.8,0.5,0.7,1.0,1.7,1.5,0.4,0.8,1.1,1.0,0.8,0.2,0.7,1.0,1.5,1.0,0.2,0.1,0.1,0.0,0.0,0.0,0.0,0.0,0.3,0.1,0.1,3.0,0.0,0.1,0.0,15.0,0.0,0.0,0.0,85.0,0.0,0.0,0.0,0.0,0.0,0.0,0.0
382f8039-a56f-499b-97ac-ccc38e09681f,Yogurt,Dairy,Dairy Products,4.0,3.5,2.0,80.0,0.03,0.2,0.0,0.5,0.1,0.0,10.0,0.8,0.0,0.0,0.1,0.0,150.0,0.1,10.0,100.0,150.0,50.0,0.4,0.03,0.02,0.0,0.0,0.8,0.9,0.8,1.3,0.2,2.6,0.8,0.4,0.6,0.8,1.4,1.2,0.3,0.6,0.8,0.8,0.6,0.2,0.6,0.8,1.0,0.5,0.2,0.1,0.1,0.0,0.0,0.0,0.0,0.0,0.2,0.1,0.1,3.0,0.0,0.1,0.0,10.0,0.0,0.0,0.0,85.0,0.0,0.0,0.0,0.0,0.0,0.0,0.0
9f5d6cb0-8009-4a2c-93f1-c73ff9cb7da5,Butter,Dairy,Dairy Products,0.1,0.9,81.0,684.0,0.02,0.3,0.1,0.3,0.1,0.0,0.0,0.2,0.0,1.0,2.3,7.0,24.0,0.2,3.0,24.0,80.0,82.0,0.2,0.01,0.01,0.3,0.0,0.03,0.01,0.04,0.06,0.01,0.07,0.03,0.02,0.01,0.02,0.03,0.02,0.02,0.02,0.03,0.03,0.02,0.01,0.02,0.02,51.0,21.0,2.0,0.5,1.5,3.0,0.0,0.0,0.0,0.0,0.0,0.1,0.1,0.1,0.0,0.0,0.0,215.0,0.0,0.0,0.0,15.0,0.0,0.0,0.0,0.0,0.0,0.0,0.0
b5fe1dc3-2306-4fdb-ad8f-e642ae19da5d,Ghee,Dairy,Dairy Products,0.0,0.2,99.0,620.0,0.01,0.4,0.0,0.3,0.1,0.0,0.0,0.5,0.0,0.0,2.0,2.0,2.0,0.2,3.0,2.0,10.0,2.0,0.1,0.01,0.01,0.1,0.0,0.02,0.01,0.01,0.02,0.01,0.03,0.01,0.01,0.01,0.01,0.01,0.01,0.01,0.01,0.01,0.01,0.01,0.01,0.01,0.01,62.0,29.0,2.0,0.1,1.9,3.0,0.0,0.0,0.0,0.0,0.0,0.0,0.0,0.0,0.0,0.0,0.0,256.0,0.0,0.0,0.0,1.0,0.0,0.0,0.0,0.0,0.0,0.0,0.0
f2514646-cd38-4e43-a58e-0fc572a8df62,Pastries,Nosh,Baked,51.0,5.0,20.0,300.0,0.2,0.2,1.5,0.5,0.05,5.0,30.0,0.5,0.5,0.5,1.5,10.0,50.0,1.5,20.0,70.0,120.0,300.0,0.7,150.0,0.5,10.0,10.0,300.0,400.0,300.0,600.0,100.0,1500.0,600.0,200.0,200.0,400.0,600.0,500.0,150.0,300.0,500.0,400.0,300.0,100.0,200.0,400.0,10.0,6.0,2.0,0.3,1.5,0.5,10.0,300.0,20.0,1.0,10.0,10.0,5.0,20.0,50.0,30.0,2.0,50.0,5.0,0.0,1.0,25.0,0.0,0.0,0.0,1.0,2.0,2.0,1.0
b07f91ac-3e09-4292-b546-d786d21ace9f,Cookies,Nosh,Baked,70.0,5.5,20.0,250.0,0.15,0.1,1.0,0.3,0.04,3.0,20.0,0.4,0.2,0.2,1.0,5.0,40.0,2.0,30.0,50.0,150.0,300.0,0.6,100.0,0.3,5.0,15.0,200.0,300.0,200.0,400.0,90.0,800.0,500.0,150.0,180.0,300.0,500.0,400.0,120.0,300.0,400.0,300.0,200.0,90.0,150.0,300.0,10.0,6.0,2.0,0.3,1.5,0.5,8.0,250.0,15.0,0.8,8.0,12.0,6.0,18.0,30.0,20.0,1.5,30.0,3.0,0.0,0.8,15.0,0.0,0.0,0.0,0.8,1.5,1.5,0.8
f2fd378c-e896-452a-9207-24ea64550f04,Brownies,Nosh,Baked,55.0,4.0,25.0,250.0,0.2,0.2,2.0,0.5,0.1,4.0,30.0,0.5,1.0,0.5,1.5,10.0,70.0,2.5,70.0,80.0,200.0,150.0,1.0,180.0,0.5,10.0,15.0,250.0,300.0,250.0,500.0,100.0,800.0,400.0,200.0,250.0,300.0,500.0,400.0,150.0,300.0,550.0,300.0,250.0,150.0,300.0,350.0,12.0,8.0,2.0,0.3,1.5,0.5,8.0,150.0,14.0,0.8,8.0,20.0,10.0,28.0,45.0,30.0,1.0,80.0,5.0,0.0,1.0,18.0,0.0,0.0,0.0,1.0,2.0,1.0,1.0
63142658-cefe-42be-be12-bda374350241,Muffins,Nosh,Baked,50.0,6.0,18.0,300.0,0.2,0.15,1.2,0.4,0.05,5.0,40.0,0.6,0.8,0.6,1.2,12.0,60.0,2.0,25.0,60.0,130.0,250.0,0.7,160.0,0.4,12.0,12.0,200.0,280.0,220.0,480.0,90.0,750.0,300.0,180.0,270.0,280.0,420.0,300.0,100.0,280.0,400.0,280.0,220.0,100.0,180.0,300.0,8.0,7.0,2.0,0.2,1.8,0.4,6.0,200.0,12.0,0.7,6.0,18.0,9.0,22.0,55.0,35.0,1.5,70.0,6.0,0.0,1.2,20.0,0.0,0.0,0.0,1.2,1.8,1.1,1.2
7eb21a3b-1df4-4887-9350-e2b41910530c,Bread,Nosh,Baked,50.0,9.0,2.0,100.0,0.5,0.4,4.0,0.8,0.2,6.0,50.0,0.5,1.0,0.2,1.0,15.0,150.0,3.5,30.0,120.0,180.0,400.0,1.2,150.0,0.6,15.0,20.0,300.0,350.0,300.0,600.0,80.0,800.0,350.0,200.0,300.0,350.0,550.0,350.0,120.0,300.0,500.0,300.0,250.0,120.0,200.0,350.0,0.5,0.5,0.5,0.05,0.25,0.0,4.0,100.0,8.0,0.5,4.0,15.0,6.0,18.0,30.0,25.0,2.0,0.0,4.0,0.0,1.5,30.0,0.0,0.0,0.0,0.5,1.0,0.8,0.9
f0fb0bb3-569f-42c0-90ba-4b3f2dfa6349,Croissants,Nosh,Baked,45.0,7.0,25.0,400.0,0.4,0.3,2.5,0.7,0.2,8.0,45.0,0.8,0.5,0.4,1.8,20.0,100.0,3.0,35.0,90.0,150.0,300.0,1.0,200.0,0.7,12.0,25.0,250.0,300.0,230.0,500.0,120.0,700.0,300.0,220.0,280.0,290.0,500.0,320.0,140.0,290.0,450.0,270.0,240.0,130.0,220.0,330.0,15.0,8.0,1.0,0.3,0.7,0.8,5.0,120.0,10.0,0.6,5.0,15.0,8.0,22.0,50.0,30.0,1.5,80.0,4.0,0.0,1.0,25.0,0.0,0.0,0.0,0.8,1.5,1.0,1.1
c290405c-1d30-4a69-9965-8c9f77aa4d66,Ice Cream,Nosh,Desserts,24.0,3.5,11.0,140.0,0.03,0.2,0.1,0.4,0.05,9.0,10.0,0.4,0.6,1.3,0.3,1.5,128.0,0.2,13.0,99.0,199.0,59.0,0.5,40.0,0.02,1.5,9.0,147.0,112.0,108.0,174.0,25.0,544.0,147.0,84.0,64.0,146.0,289.0,239.0,82.0,143.0,234.0,181.0,148.0,37.0,147.0,181.0,7.0,3.0,0.4,0.04,0.36,0.3,0.2,120.0,0.1,0.1,15.0,5.0,4.0,10.0,10.0,50.0,0.8,44.0,1.0,0.0,0.0,61.5,0.0,0.5,0.5,0.1,0.2,0.2,0.1
135edd82-c9ff-4cfa-ad25-bed96ef7de27,Pies,Nosh,Desserts,38.0,3.0,12.0,200.0,0.05,0.05,0.3,0.3,0.1,5.0,15.0,0.1,1.0,0.5,0.5,2.0,20.0,1.5,10.0,30.0,80.0,270.0,0.3,30.0,0.1,5.0,7.0,110.0,100.0,85.0,120.0,20.0,300.0,120.0,70.0,50.0,120.0,200.0,170.0,60.0,90.0,150.0,130.0,100.0,30.0,90.0,150.0,4.0,5.0,1.0,0.1,0.9,0.2,0.1,180.0,0.2,0.05,10.0,8.0,7.0,15.0,15.0,20.0,1.0,30.0,2.0,0.0,0.0,45.0,0.0,0.2,0.2,0.05,0.1,0.1,0.05
31309b3e-3b9f-4140-862d-af50c559c4b4,Cakes,Nosh,Desserts,51.0,4.5,17.0,200.0,0.1,0.12,0.4,0.5,0.2,12.0,20.0,0.3,0.5,0.5,0.7,2.5,50.0,1.5,20.0,40.0,120.0,200.0,0.5,50.0,0.3,5.0,10.0,130.0,120.0,100.0,140.0,40.0,310.0,140.0,80.0,60.0,130.0,230.0,200.0,80.0,110.0,170.0,150.0,130.0,40.0,110.0,170.0,8.0,6.0,2.0,0.1,1.9,0.3,0.2,120.0,0.3,0.1,25.0,12.0,9.0,20.0,15.0,20.0,1.2,60.0,2.5,0.0,0.0,28.0,0.0,0.4,0.2,0.2,0.2,0.3,0.2
59f3b77b-88ff-481c-9739-deef9d9a3b46,Donuts,Nosh,Desserts,49.0,3.0,23.0,180.0,0.06,0.08,0.5,0.4,0.15,8.0,18.0,0.2,0.8,0.6,0.6,2.0,30.0,1.2,15.0,35.0,100.0,310.0,0.4,45.0,0.3,4.0,9.0,100.0,90.0,80.0,120.0,30.0,250.0,120.0,70.0,50.0,100.0,200.0,150.0,60.0,100.0,140.0,120.0,110.0,30.0,100.0,150.0,12.0,8.0,3.0,0.3,2.7,1.0,0.1,80.0,0.2,0.05,10.0,10.0,7.0,18.0,20.0,25.0,1.0,80.0,1.5,0.0,0.0,23.0,0.0,0.3,0.2,0.1,0.1,0.3,0.1
136d4b21-188e-4ee6-bad2-cdbf48d77f82,Cereals,Nosh,Breakfast Foods,84.0,8.0,1.0,731.0,1.18,1.27,14.5,1.2,1.5,30.0,600.0,6.0,21.0,5.7,10.0,2.5,11.0,8.0,5.0,18.0,68.0,661.0,11.0,200.0,0.5,16.2,70.0,500.0,600.0,1000.0,1200.0,200.0,3200.0,200.0,500.0,300.0,500.0,900.0,400.0,300.0,600.0,500.0,600.0,500.0,100.0,400.0,600.0,0.1,0.2,0.4,0.1,0.3,0.0,0.1,100.0,0.2,0.0,100.0,3.0,3.0,8.0,0.0,0.0,3.0,0.0,0.0,0.0,1.0,4.0,0.0,0.0,0.0,0.0,0.0,0.1,0.0
3648a19d-87e8-4626-90f8-8364c5c6ee9c,Pancakes,Nosh,Breakfast Foods,28.3,6.0,4.5,200.0,0.05,0.1,1.1,0.3,0.1,5.0,30.0,0.5,0.5,1.0,0.3,2.0,40.0,2.3,12.0,64.0,130.0,430.0,0.5,30.0,0.2,6.0,10.0,270.0,300.0,600.0,800.0,100.0,2000.0,200.0,300.0,150.0,300.0,500.0,400.0,150.0,300.0,400.0,300.0,300.0,100.0,250.0,400.0,1.2,1.5,0.5,0.1,0.4,0.0,0.0,100.0,0.1,0.0,20.0,4.0,3.0,6.0,0.0,0.0,1.0,60.0,0.0,0.0,0.1,60.0,0.0,0.0,0.0,0.0,0.0,0.1,0.0
80ec548d-9cfa-45b5-9653-36e9d942901f,Waffles,Nosh,Breakfast Foods,28.0,6.5,10.5,250.0,0.06,0.12,1.2,0.4,0.1,5.0,35.0,0.6,0.5,1.0,0.4,2.5,50.0,2.5,14.0,70.0,140.0,500.0,0.6,35.0,0.3,6.5,11.0,280.0,310.0,630.0,830.0,110.0,2100.0,220.0,320.0,160.0,320.0,520.0,420.0,160.0,310.0,420.0,320.0,320.0,110.0,260.0,430.0,3.0,3.5,1.0,0.2,0.5,0.0,0.0,100.0,0.1,0.0,20.0,4.0,3.0,6.0,0.0,0.0,1.0,60.0,0.0,0.0,0.1,60.0,0.0,0.0,0.0,0.0,0.0,0.1,0.0
4d37053b-53b8-457c-b663-f71e97969502,Oatmeal,Nosh,Breakfast Foods,66.0,16.9,6.9,0.0,0.76,0.14,0.9,1.0,0.12,0.0,58.0,0.0,0.0,0.0,0.3,0.0,54.0,4.3,177.0,523.0,429.0,2.0,3.1,0.6,4.9,34.4,0.0,548.0,673.0,1085.0,1170.0,211.0,1910.0,120.0,389.0,265.0,434.0,805.0,504.0,146.0,438.0,582.0,580.0,392.0,83.0,389.0,477.0,1.2,1.5,3.1,0.3,2.8,0.0,0.0,0.0,0.5,0.0,0.3,0.7,0.6,0.8,0.0,0.0,10.0,0.0,0.5,0.0,0.5,8.0,0.0,0.0,0.0,0.0,0.0,1.5,0.0
d9efbe47-5ee5-4435-b703-2eefbd991279,Eggs,Nosh,Breakfast Foods,0.6,12.6,10.6,540.0,0.04,0.5,0.1,1.4,0.1,20.0,47.0,1.1,0.0,1.1,1.0,0.3,56.0,1.8,12.0,172.0,126.0,142.0,1.0,60.0,0.0,30.0,24.0,654.0,852.0,1395.0,1423.0,211.0,2096.0,317.0,413.0,263.0,621.0,937.0,869.0,379.0,510.0,517.0,500.0,590.0,164.0,413.0,550.0,3.1,4.0,1.4,0.3,1.1,0.0,0.0,0.0,0.0,0.0,0.0,0.0,0.0,0.0,0.0,0.0,0.0,373.0,0.2,0.0,0.0,75.0,0.0,0.0,0.0,0.0,0.0,0.0,0.0
05158bd1-5667-4353-940d-072ecf187a39,Coca Cola,Nosh,Beverages,10.6,0.0,0.0,0.0,0.0,0.0,0.0,0.0,0.0,0.0,0.0,0.0,0.0,0.0,0.0,0.0,8.0,0.02,1.0,13.0,1.0,11.0,0.01,1.0,0.02,0.0,0.0,0.0,0.0,0.0,0.0,0.0,0.0,0.0,0.0,0.0,0.0,0.0,0.0,0.0,0.0,0.0,0.0,0.0,0.0,0.0,0.0,0.0,0.0,0.0,0.0,0.0,0.0,0.0,0.0,0.0,0.0,0.0,5.7,5.7,0.0,0.0,0.0,0.0,0.0,0.0,0.0,0.0,89.9,0.0,9.0,0.0,0.0,0.0,0.0,0.0
81ed6155-1e25-451f-bd12-55f6132ea53a,Pepsi,Nosh,Beverages,11.0,0.0,0.0,0.0,0.01,0.01,0.01,0.01,0.01,0.0,0.0,0.0,0.0,0.0,0.0,0.0,0.0,0.0,0.0,0.0,1.0,5.0,0.0,0.0,0.0,0.0,0.0,0.0,0.0,0.0,0.0,0.0,0.0,0.0,0.0,0.0,0.0,0.0,0.0,0.0,0.0,0.0,0.0,0.0,0.0,0.0,0.0,0.0,0.0,0.0,0.0,0.0,0.0,0.0,0.0,0.0,0.0,0.0,5.5,5.5,0.0,0.0,0.0,0.0,0.0,0.0,0.0,0.0,88.0,0.0,0.0,0.0,0.0,0.0,0.0,0.0
4e250df8-8ad9-4673-bd38-4d4f2e89b896,Coffee,Nosh,Beverages,0.0,0.3,0.1,0.0,0.01,0.1,0.3,0.2,0.01,0.0,0.0,0.0,0.0,0.0,0.0,0.0,0.0,0.1,3.0,0.0,115.0,2.0,0.1,0.1,0.2,0.0,0.0,0.01,0.02,0.01,0.02,0.01,0.02,0.01,0.01,0.01,0.01,0.01,0.01,0.01,0.01,0.01,0.01,0.01,0.01,0.01,0.01,0.1,0.0,0.0,0.0,0.0,0.0,0.2,0.0,0.3,0.0,0.0,0.0,0.0,0.0,0.0,0.0,0.0,0.0,0.1,0.0,0.0,99.9,0.0,40.0,0.5,0.1,0.0,0.0,0.0
46825733-e945-4044-9478-0b65181a0a72,Tea,Nosh,Beverages,0.0,0.0,0.0,0.0,0.0,0.0,0.0,0.0,0.0,0.0,0.0,0.0,0.0,0.0,0.0,0.0,0.0,0.1,1.0,0.0,10.0,2.0,0.0,0.0,0.1,0.0,0.0,0.0,0.0,0.0,0.0,0.0,0.0,0.0,0.0,0.0,0.0,0.0,0.0,0.0,0.0,0.0,0.0,0.0,0.0,0.0,0.0,0.0,0.0,0.0,0.0,0.0,0.0,0.3,0.0,0.2,0.0,0.0,0.0,0.0,0.0,0.0,0.0,0.0,0.0,0.2,0.0,0.0,99.9,0.0,40.0,0.5,0.3,0.0,0.0,0.0
0a160c4a-84bd-425c-86d1-47cc8909a0dd,Lemonade,Nosh,Beverages,6.0,0.0,0.0,0.0,0.0,0.0,0.0,0.0,0.0,0.0,0.0,0.0,25.0,0.0,0.0,0.0,1.0,0.0,0.0,0.0,15.0,0.0,0.0,0.0,0.0,0.0,0.0,0.0,0.0,0.0,0.0,0.0,0.0,0.0,0.0,0.0,0.0,0.0,0.0,0.0,0.0,0.0,0.0,0.0,0.0,0.0,0.0,0.0,0.0,0.0,0.0,0.0,0.0,0.1,0.0,0.2,0.0,0.0,1.0,2.0,3.0,0.0,0.0,0.0,0.0,0.1,0.0,0.0,93.0,0.0,0.0,0.0,0.1,0.0,0.0,0.0
ee95a1ab-0374-4dcc-9bef-b672bca3dd59,Beer,Nosh,Beverages,3.6,0.3,0.0,0.0,0.01,0.02,0.1,0.1,0.01,0.0,0.0,0.0,0.0,0.0,0.0,0.0,10.0,0.1,10.0,10.0,20.0,5.0,0.1,0.0,0.0,0.0,0.0,0.01,0.01,0.01,0.01,0.01,0.01,0.01,0.01,0.01,0.01,0.01,0.01,0.01,0.01,0.01,0.01,0.01,0.01,0.01,0.01,0.0,0.0,0.0,0.0,0.0,0.0,0.1,0.0,0.1,0.0,0.0,1.5,1.5,2.0,0.0,0.0,0.0,0.0,0.1,0.0,0.0,95.0,5.0,0.0,0.0,0.2,0.0,0.0,0.0
be16b0d5-87a7-423b-82a1-128fe4587f6f,Mayonnaise,Nosh,Condiments,0.6,1.0,75.0,50.0,0.01,0.02,0.08,0.16,0.06,4.0,5.0,0.3,0.3,0.3,3.0,163.0,9.0,0.2,2.0,22.0,20.0,635.0,0.2,20.0,0.01,5.5,3.0,36.0,54.0,71.0,96.0,17.0,158.0,54.0,34.0,25.0,42.0,69.0,57.0,30.0,44.0,51.0,52.0,42.0,11.0,30.0,49.0,11.7,23.5,34.0,1.2,32.8,0.1,0.0,300.0,0.0,0.0,52.0,0.1,0.1,0.2,0.2,1.0,0.0,42.0,0.0,0.0,0.0,23.0,0.0,0.0,0.0,0.0,0.0,0.0,0.0
7ee99c40-4f2f-4534-8932-d3584408260c,Guacamole,Nosh,Condiments,8.5,2.0,15.0,146.0,0.06,0.09,1.6,1.0,0.29,0.0,81.0,0.0,10.0,0.0,2.0,20.0,12.0,0.55,29.0,34.0,485.0,7.0,0.64,0.19,0.14,0.5,0.0,40.0,55.0,30.0,45.0,8.0,75.0,35.0,20.0,12.0,16.0,28.0,23.0,8.0,16.0,22.0,24.0,18.0,4.0,12.0,20.0,2.1,10.0,1.8,0.1,1.7,0.0,0.0,1500.0,50.0,0.0,0.6,0.8,0.9,0.5,0.1,0.2,6.7,0.0,2.5,0.0,0.0,68.0,0.0,0.0,0.0,0.0,0.0,0.0,0.0
26ca3b31-69e0-4f21-b5e0-e2efb5e5d6eb,Salsa,Nosh,Condiments,5.0,1.0,0.2,250.0,0.05,0.03,1.0,0.2,0.1,0.0,20.0,0.0,15.0,0.0,0.3,10.0,20.0,0.8,15.0,25.0,300.0,500.0,0.3,30.0,0.2,0.5,0.0,20.0,22.0,18.0,20.0,6.0,30.0,20.0,15.0,10.0,12.0,18.0,15.0,6.0,12.0,15.0,15.0,12.0,4.0,10.0,15.0,0.1,0.1,0.0,0.0,0.0,0.0,3.0,500.0,15.0,0.0,0.2,1.0,1.5,2.0,0.3,0.2,1.0,0.0,2.0,0.0,0.0,90.0,0.0,0.0,0.0,0.0,0.0,0.0,0.0
d04be8a7-d318-4cee-bdc1-f772904ccdb1,Ketchup,Nosh,Condiments,24.0,1.0,0.2,50.0,0.02,0.02,0.4,0.1,0.1,0.0,10.0,0.0,10.0,0.0,0.5,5.0,20.0,0.5,15.0,20.0,300.0,800.0,0.2,30.0,0.2,0.1,0.0,16.0,18.0,15.0,20.0,6.0,25.0,12.0,10.0,8.0,10.0,14.0,12.0,5.0,8.0,12.0,12.0,10.0,2.0,10.0,12.0,0.1,0.1,0.0,0.0,0.0,0.0,3.0,200.0,20.0,0.0,0.1,8.0,8.0,8.0,0.5,0.2,1.0,0.0,1.5,0.0,0.0,65.0,0.0,0.0,0.0,0.0,0.0,0.0,0.0
14d4cadb-88ad-473c-85db-90e3bc48bd34,Potato Chips,Nosh,Snacks,52.0,7.0,35.0,0.0,0.06,0.03,1.4,0.3,0.2,0.0,40.0,0.0,14.0,0.0,3.5,30.0,24.0,1.3,45.0,120.0,1200.0,580.0,0.8,190.0,0.3,1.3,0.0,280.0,350.0,770.0,880.0,150.0,1250.0,0.0,320.0,190.0,340.0,570.0,430.0,140.0,420.0,550.0,350.0,280.0,100.0,280.0,370.0,10.0,20.0,4.0,0.3,3.7,0.1,10.0,0.0,50.0,0.0,20.0,0.1,0.1,0.2,0.0,0.0,4.0,0.0,2.0,0.0,0.0,2.0,0.0,0.0,0.0,0.0,0.0,0.0,0.0
9b2e11c7-a05c-4c63-8145-0c7d5371be50,Popcorn,Nosh,Snacks,77.0,9.0,4.0,0.0,0.4,0.1,1.2,0.5,0.1,0.0,0.0,0.0,0.0,0.0,0.1,0.0,8.0,1.2,90.0,35.0,270.0,1.0,0.6,100.0,1.0,0.0,0.0,300.0,500.0,700.0,800.0,80.0,1100.0,0.0,200.0,100.0,220.0,370.0,300.0,120.0,300.0,250.0,220.0,200.0,70.0,150.0,250.0,0.5,1.0,2.5,0.1,2.0,0.0,0.0,0.0,15.0,0.0,0.0,0.4,0.5,0.8,0.0,0.0,14.0,0.0,10.0,0.0,0.0,6.0,0.0,0.0,0.0,0.0,0.0,0.0,0.0
8f59f836-17fa-4d7e-8e79-9d454dbaf947,Crackers,Nosh,Snacks,71.0,7.0,18.0,0.0,0.4,0.3,2.0,0.6,0.2,0.0,40.0,0.0,0.0,0.0,0.7,0.0,40.0,2.8,50.0,110.0,190.0,500.0,1.0,200.0,0.8,20.0,0.0,300.0,500.0,500.0,600.0,100.0,700.0,0.0,150.0,100.0,200.0,300.0,250.0,100.0,200.0,150.0,150.0,150.0,50.0,100.0,150.0,3.5,8.0,5.0,0.3,4.0,0.5,2.0,0.0,15.0,0.0,15.0,0.5,0.5,1.5,0.0,0.0,3.0,0.0,7.0,0.0,0.0,5.0,0.0,0.0,0.0,0.0,0.0,30.0,0.0
46d36da3-0edf-4f7f-a3b6-4c58c6b7c106,Beef Jerky,Nosh,Snacks,8.0,33.0,7.0,20.0,0.4,0.2,7.0,0.6,0.6,0.0,15.0,1.6,0.0,0.0,0.5,0.0,20.0,4.0,30.0,220.0,500.0,1500.0,3.0,90.0,0.6,30.0,0.0,1600.0,2200.0,700.0,800.0,200.0,1500.0,0.0,1000.0,300.0,600.0,1200.0,1000.0,200.0,600.0,1000.0,600.0,600.0,200.0,600.0,600.0,2.5,2.5,1.0,0.2,0.8,0.0,0.0,0.0,0.0,0.0,0.0,0.5,0.5,1.0,0.0,0.0,0.0,80.0,0.0,0.0,0.0,10.0,0.0,0.0,0.0,0.0,0.0,0.0,0.0
fcba8a03-1024-466a-8543-1d9145734f3a,Burgers,Nosh,Fast Food,20.0,15.0,13.0,60.0,0.1,0.2,4.0,0.5,0.3,5.0,20.0,1.0,5.0,0.2,0.7,10.0,80.0,2.0,20.0,150.0,200.0,450.0,2.5,150.0,0.3,12.0,20.0,700.0,800.0,900.0,1000.0,200.0,1500.0,1000.0,700.0,300.0,600.0,1000.0,900.0,200.0,500.0,800.0,600.0,500.0,200.0,400.0,700.0,5.0,4.0,1.0,0.2,0.8,0.5,10.0,150.0,20.0,5.0,10.0,2.0,1.0,1.0,50.0,20.0,1.5,60.0,10.0,0.0,1.0,45.0,0.0,0.0,0.0,5.0,1.0,5.0,2.0
09199fa3-225f-44ae-be7f-56c9e886954c,French Fries,Nosh,Fast Food,41.0,3.4,15.0,0.0,0.1,0.05,1.2,0.3,0.3,0.0,30.0,0.0,10.0,0.0,1.5,0.0,12.0,0.8,30.0,34.0,400.0,230.0,0.4,100.0,0.1,1.5,0.0,150.0,100.0,200.0,300.0,20.0,350.0,150.0,70.0,50.0,60.0,110.0,80.0,30.0,70.0,100.0,80.0,60.0,20.0,50.0,90.0,2.0,6.0,6.0,0.1,5.0,0.5,10.0,30.0,15.0,5.0,10.0,0.5,0.3,1.0,10.0,8.0,3.0,0.0,20.0,0.0,0.5,50.0,0.0,0.0,0.0,5.0,8.0,5.0,2.0
d5383e2f-d934-4ebf-9593-2b06ed68a560,Pizza,Nosh,Fast Food,36.0,12.0,15.0,300.0,0.3,0.4,2.0,0.6,0.5,10.0,50.0,1.0,10.0,0.5,2.0,30.0,200.0,2.0,50.0,200.0,300.0,800.0,1.0,150.0,0.5,20.0,15.0,250.0,200.0,400.0,500.0,50.0,600.0,300.0,150.0,80.0,150.0,250.0,200.0,50.0,120.0,200.0,150.0,120.0,50.0,80.0,180.0,6.0,8.0,1.5,0.1,1.0,0.5,20.0,200.0,30.0,10.0,20.0,1.0,0.8,2.0,15.0,10.0,2.5,25.0,25.0,0.0,1.0,45.0,0.0,0.0,0.0,10.0,10.0,10.0,5.0
b67ae6de-0ade-409c-8dda-368752748da0,Chicken Nuggets,Nosh,Fast Food,15.0,13.0,10.0,200.0,0.2,0.2,2.0,0.5,0.4,5.0,20.0,0.8,5.0,0.3,1.0,15.0,50.0,1.5,25.0,100.0,250.0,600.0,1.0,50.0,0.2,15.0,10.0,300.0,250.0,300.0,400.0,40.0,500.0,300.0,200.0,70.0,100.0,200.0,150.0,50.0,100.0,150.0,120.0,100.0,40.0,70.0,120.0,3.0,5.0,2.0,0.2,1.8,0.3,5.0,50.0,10.0,3.0,5.0,0.5,0.2,1.0,5.0,7.0,2.0,50.0,15.0,0.0,0.3,50.0,0.0,0.0,0.0,5.0,5.0,4.0,2.0
59e56f30-d7a1-460d-a26d-7c5d164e70f5,Tacos,Nosh,Fast Food,20.0,10.0,12.0,150.0,0.2,0.3,1.5,0.4,0.3,5.0,30.0,0.5,15.0,0.2,1.0,20.0,100.0,2.0,40.0,150.0,200.0,500.0,1.5,80.0,0.3,15.0,10.0,200.0,150.0,250.0,300.0,30.0,350.0,250.0,100.0,60.0,80.0,150.0,120.0,40.0,90.0,120.0,100.0,80.0,30.0,60.0,100.0,4.0,6.0,2.0,0.1,1.5,0.2,10.0,100.0,20.0,5.0,8.0,0.8,0.5,1.0,8.0,5.0,3.0,30.0,20.0,0.0,0.5,55.0,0.0,0.0,0.0,7.0,7.0,6.0,3.0
